"estrategia","modelo","repeticao","fold","n_treino","n_teste","auc","acuracia","sensibilidade","especificidade","precisao","f1","brier"
"zeros_mantidos","logistica",1,1,691,77,0.85037037037037,0.753246753246753,0.518518518518518,0.88,0.7,0.595744680851064,0.162975240169963
"zeros_mantidos","arvore",1,1,691,77,0.757037037037037,0.766233766233766,0.518518518518518,0.9,0.736842105263158,0.608695652173913,0.181698857155707
"zeros_mantidos","rf",1,1,691,77,0.881481481481481,0.792207792207792,0.555555555555556,0.92,0.789473684210526,0.652173913043478,0.138252571428571
"zeros_mantidos","gbm",1,1,691,77,0.894074074074074,0.779220779220779,0.518518518518518,0.92,0.777777777777778,0.622222222222222,0.13999371645689
"zeros_mantidos","logistica",1,2,691,77,0.911111111111111,0.779220779220779,0.555555555555556,0.9,0.75,0.638297872340426,0.124852609220835
"zeros_mantidos","arvore",1,2,691,77,0.814814814814815,0.831168831168831,0.62962962962963,0.94,0.85,0.723404255319149,0.143558276799952
"zeros_mantidos","rf",1,2,691,77,0.91037037037037,0.831168831168831,0.666666666666667,0.92,0.818181818181818,0.73469387755102,0.126066753246753
"zeros_mantidos","gbm",1,2,691,77,0.934074074074074,0.831168831168831,0.62962962962963,0.94,0.85,0.723404255319149,0.129542334468772
"zeros_mantidos","logistica",1,3,691,77,0.74,0.753246753246753,0.62962962962963,0.82,0.653846153846154,0.641509433962264,0.187623315658842
"zeros_mantidos","arvore",1,3,691,77,0.642592592592593,0.688311688311688,0.592592592592593,0.74,0.551724137931034,0.571428571428571,0.22552417071629
"zeros_mantidos","rf",1,3,691,77,0.752962962962963,0.766233766233766,0.62962962962963,0.84,0.68,0.653846153846154,0.189605194805195
"zeros_mantidos","gbm",1,3,691,77,0.742222222222222,0.701298701298701,0.407407407407407,0.86,0.611111111111111,0.488888888888889,0.189641365300205
"zeros_mantidos","logistica",1,4,691,77,0.787407407407407,0.727272727272727,0.555555555555556,0.82,0.625,0.588235294117647,0.174055345878837
"zeros_mantidos","arvore",1,4,691,77,0.675555555555555,0.675324675324675,0.592592592592593,0.72,0.533333333333333,0.56140350877193,0.213734897169723
"zeros_mantidos","rf",1,4,691,77,0.773703703703704,0.701298701298701,0.555555555555556,0.78,0.576923076923077,0.566037735849057,0.183251688311688
"zeros_mantidos","gbm",1,4,691,77,0.761481481481481,0.727272727272727,0.444444444444444,0.88,0.666666666666667,0.533333333333333,0.181435305010287
"zeros_mantidos","logistica",1,5,691,77,0.808888888888889,0.766233766233766,0.518518518518518,0.9,0.736842105263158,0.608695652173913,0.164942103526845
"zeros_mantidos","arvore",1,5,691,77,0.686296296296296,0.727272727272727,0.518518518518518,0.84,0.636363636363636,0.571428571428571,0.198634391247699
"zeros_mantidos","rf",1,5,691,77,0.816666666666667,0.792207792207792,0.555555555555556,0.92,0.789473684210526,0.652173913043478,0.161000051948052
"zeros_mantidos","gbm",1,5,691,77,0.800740740740741,0.74025974025974,0.481481481481481,0.88,0.684210526315789,0.565217391304348,0.166697169045468
"zeros_mantidos","logistica",1,6,691,77,0.838518518518518,0.779220779220779,0.481481481481481,0.94,0.8125,0.604651162790698,0.143761825602178
"zeros_mantidos","arvore",1,6,691,77,0.785925925925926,0.779220779220779,0.592592592592593,0.88,0.727272727272727,0.653061224489796,0.166958774794718
"zeros_mantidos","rf",1,6,691,77,0.832592592592593,0.792207792207792,0.592592592592593,0.9,0.761904761904762,0.666666666666667,0.155564987012987
"zeros_mantidos","gbm",1,6,691,77,0.835555555555555,0.792207792207792,0.518518518518518,0.94,0.823529411764706,0.636363636363636,0.153126613314893
"zeros_mantidos","logistica",1,7,691,77,0.898518518518518,0.831168831168831,0.703703703703704,0.9,0.791666666666667,0.745098039215686,0.126076909557633
"zeros_mantidos","arvore",1,7,691,77,0.688148148148148,0.74025974025974,0.481481481481481,0.88,0.684210526315789,0.565217391304348,0.194032485628747
"zeros_mantidos","rf",1,7,691,77,0.885925925925926,0.818181818181818,0.740740740740741,0.86,0.740740740740741,0.740740740740741,0.132658181818182
"zeros_mantidos","gbm",1,7,691,77,0.879259259259259,0.779220779220779,0.555555555555556,0.9,0.75,0.638297872340426,0.14432632800937
"zeros_mantidos","logistica",1,8,691,77,0.819259259259259,0.753246753246753,0.555555555555556,0.86,0.681818181818182,0.612244897959184,0.166863602431375
"zeros_mantidos","arvore",1,8,691,77,0.705555555555555,0.688311688311688,0.444444444444444,0.82,0.571428571428571,0.5,0.216683283249022
"zeros_mantidos","rf",1,8,691,77,0.84,0.714285714285714,0.518518518518518,0.82,0.608695652173913,0.56,0.157828519480519
"zeros_mantidos","gbm",1,8,691,77,0.821481481481481,0.701298701298701,0.444444444444444,0.84,0.6,0.51063829787234,0.172186452704573
"zeros_mantidos","logistica",1,9,692,76,0.776923076923077,0.736842105263158,0.576923076923077,0.82,0.625,0.6,0.181710677301363
"zeros_mantidos","arvore",1,9,692,76,0.650769230769231,0.710526315789474,0.461538461538462,0.84,0.6,0.521739130434783,0.205908276149478
"zeros_mantidos","rf",1,9,692,76,0.812307692307692,0.776315789473684,0.692307692307692,0.82,0.666666666666667,0.679245283018868,0.168653894736842
"zeros_mantidos","gbm",1,9,692,76,0.808461538461538,0.75,0.576923076923077,0.84,0.652173913043478,0.612244897959184,0.164107701458904
"zeros_mantidos","logistica",1,10,692,76,0.843846153846154,0.789473684210526,0.615384615384615,0.88,0.727272727272727,0.666666666666667,0.149204377944221
"zeros_mantidos","arvore",1,10,692,76,0.749615384615385,0.75,0.538461538461538,0.86,0.666666666666667,0.595744680851064,0.180963663900267
"zeros_mantidos","rf",1,10,692,76,0.791923076923077,0.75,0.576923076923077,0.84,0.652173913043478,0.612244897959184,0.174276578947368
"zeros_mantidos","gbm",1,10,692,76,0.820769230769231,0.763157894736842,0.576923076923077,0.86,0.681818181818182,0.625,0.163725047746586
"zeros_mantidos","logistica",2,1,691,77,0.804444444444444,0.714285714285714,0.555555555555556,0.8,0.6,0.576923076923077,0.172348510982199
"zeros_mantidos","arvore",2,1,691,77,0.739259259259259,0.727272727272727,0.592592592592593,0.8,0.615384615384615,0.60377358490566,0.192326583410609
"zeros_mantidos","rf",2,1,691,77,0.835925925925926,0.74025974025974,0.666666666666667,0.78,0.620689655172414,0.642857142857143,0.162123792207792
"zeros_mantidos","gbm",2,1,691,77,0.825925925925926,0.714285714285714,0.62962962962963,0.76,0.586206896551724,0.607142857142857,0.164697531348804
"zeros_mantidos","logistica",2,2,691,77,0.82962962962963,0.779220779220779,0.518518518518518,0.92,0.777777777777778,0.622222222222222,0.156370555224984
"zeros_mantidos","arvore",2,2,691,77,0.714444444444444,0.779220779220779,0.481481481481481,0.94,0.8125,0.604651162790698,0.175062941032631
"zeros_mantidos","rf",2,2,691,77,0.843703703703704,0.818181818181818,0.62962962962963,0.92,0.80952380952381,0.708333333333333,0.14887625974026
"zeros_mantidos","gbm",2,2,691,77,0.842962962962963,0.753246753246753,0.407407407407407,0.94,0.785714285714286,0.536585365853658,0.157204577491981
"zeros_mantidos","logistica",2,3,691,77,0.843703703703704,0.766233766233766,0.444444444444444,0.94,0.8,0.571428571428571,0.148587912696484
"zeros_mantidos","arvore",2,3,691,77,0.62962962962963,0.675324675324675,0.407407407407407,0.82,0.55,0.468085106382979,0.226861947487275
"zeros_mantidos","rf",2,3,691,77,0.790740740740741,0.74025974025974,0.518518518518518,0.86,0.666666666666667,0.583333333333333,0.173148623376623
"zeros_mantidos","gbm",2,3,691,77,0.776296296296296,0.714285714285714,0.444444444444444,0.86,0.631578947368421,0.521739130434783,0.180108293943462
"zeros_mantidos","logistica",2,4,691,77,0.896296296296296,0.857142857142857,0.703703703703704,0.94,0.863636363636364,0.775510204081633,0.118864078947969
"zeros_mantidos","arvore",2,4,691,77,0.717777777777778,0.766233766233766,0.555555555555556,0.88,0.714285714285714,0.625,0.178688696897821
"zeros_mantidos","rf",2,4,691,77,0.906666666666667,0.857142857142857,0.740740740740741,0.92,0.833333333333333,0.784313725490196,0.124864415584416
"zeros_mantidos","gbm",2,4,691,77,0.92,0.883116883116883,0.740740740740741,0.96,0.909090909090909,0.816326530612245,0.127049244132242
"zeros_mantidos","logistica",2,5,691,77,0.834814814814815,0.805194805194805,0.518518518518518,0.96,0.875,0.651162790697674,0.1553278978386
"zeros_mantidos","arvore",2,5,691,77,0.711111111111111,0.766233766233766,0.444444444444444,0.94,0.8,0.571428571428571,0.179955900494601
"zeros_mantidos","rf",2,5,691,77,0.828518518518518,0.766233766233766,0.481481481481481,0.92,0.764705882352941,0.590909090909091,0.155466181818182
"zeros_mantidos","gbm",2,5,691,77,0.848148148148148,0.766233766233766,0.444444444444444,0.94,0.8,0.571428571428571,0.162409995661886
"zeros_mantidos","logistica",2,6,691,77,0.802962962962963,0.753246753246753,0.555555555555556,0.86,0.681818181818182,0.612244897959184,0.178315978320189
"zeros_mantidos","arvore",2,6,691,77,0.633703703703704,0.701298701298701,0.407407407407407,0.86,0.611111111111111,0.488888888888889,0.211110326069087
"zeros_mantidos","rf",2,6,691,77,0.834074074074074,0.753246753246753,0.592592592592593,0.84,0.666666666666667,0.627450980392157,0.165349246753247
"zeros_mantidos","gbm",2,6,691,77,0.847407407407407,0.766233766233766,0.592592592592593,0.86,0.695652173913043,0.64,0.159906767121993
"zeros_mantidos","logistica",2,7,691,77,0.89037037037037,0.831168831168831,0.666666666666667,0.92,0.818181818181818,0.73469387755102,0.127517504264654
"zeros_mantidos","arvore",2,7,691,77,0.731851851851852,0.74025974025974,0.703703703703704,0.76,0.612903225806452,0.655172413793104,0.181782798054793
"zeros_mantidos","rf",2,7,691,77,0.897407407407407,0.857142857142857,0.740740740740741,0.92,0.833333333333333,0.784313725490196,0.129537298701299
"zeros_mantidos","gbm",2,7,691,77,0.888148148148148,0.844155844155844,0.666666666666667,0.94,0.857142857142857,0.75,0.133606124436437
"zeros_mantidos","logistica",2,8,691,77,0.80962962962963,0.766233766233766,0.592592592592593,0.86,0.695652173913043,0.64,0.173381724501886
"zeros_mantidos","arvore",2,8,691,77,0.689259259259259,0.662337662337662,0.555555555555556,0.72,0.517241379310345,0.535714285714286,0.226747404879489
"zeros_mantidos","rf",2,8,691,77,0.742962962962963,0.675324675324675,0.518518518518518,0.76,0.538461538461538,0.528301886792453,0.196837402597403
"zeros_mantidos","gbm",2,8,691,77,0.765185185185185,0.688311688311688,0.333333333333333,0.88,0.6,0.428571428571429,0.186964204845409
"zeros_mantidos","logistica",2,9,692,76,0.767692307692308,0.723684210526316,0.5,0.84,0.619047619047619,0.553191489361702,0.184723764590197
"zeros_mantidos","arvore",2,9,692,76,0.709615384615385,0.763157894736842,0.576923076923077,0.86,0.681818181818182,0.625,0.181939182086862
"zeros_mantidos","rf",2,9,692,76,0.783461538461538,0.697368421052632,0.5,0.8,0.565217391304348,0.530612244897959,0.181853473684211
"zeros_mantidos","gbm",2,9,692,76,0.796923076923077,0.723684210526316,0.5,0.84,0.619047619047619,0.553191489361702,0.1723217240646
"zeros_mantidos","logistica",2,10,692,76,0.841538461538462,0.763157894736842,0.653846153846154,0.82,0.653846153846154,0.653846153846154,0.157113661312832
"zeros_mantidos","arvore",2,10,692,76,0.799230769230769,0.736842105263158,0.653846153846154,0.78,0.607142857142857,0.62962962962963,0.18833671666769
"zeros_mantidos","rf",2,10,692,76,0.802692307692308,0.75,0.576923076923077,0.84,0.652173913043478,0.612244897959184,0.169397368421053
"zeros_mantidos","gbm",2,10,692,76,0.829230769230769,0.75,0.576923076923077,0.84,0.652173913043478,0.612244897959184,0.158307512216269
"zeros_mantidos","logistica",3,1,691,77,0.828888888888889,0.727272727272727,0.518518518518518,0.84,0.636363636363636,0.571428571428571,0.167756839517112
"zeros_mantidos","arvore",3,1,691,77,0.745185185185185,0.792207792207792,0.555555555555556,0.92,0.789473684210526,0.652173913043478,0.166238385780812
"zeros_mantidos","rf",3,1,691,77,0.855555555555556,0.779220779220779,0.518518518518518,0.92,0.777777777777778,0.622222222222222,0.150703948051948
"zeros_mantidos","gbm",3,1,691,77,0.854074074074074,0.753246753246753,0.481481481481481,0.9,0.722222222222222,0.577777777777778,0.152556724686362
"zeros_mantidos","logistica",3,2,691,77,0.74,0.701298701298701,0.518518518518518,0.8,0.583333333333333,0.549019607843137,0.197153416282916
"zeros_mantidos","arvore",3,2,691,77,0.737407407407407,0.675324675324675,0.481481481481481,0.78,0.541666666666667,0.509803921568627,0.220537384237525
"zeros_mantidos","rf",3,2,691,77,0.74037037037037,0.636363636363636,0.555555555555556,0.68,0.483870967741935,0.517241379310345,0.193754441558442
"zeros_mantidos","gbm",3,2,691,77,0.719259259259259,0.636363636363636,0.481481481481481,0.72,0.481481481481481,0.481481481481481,0.19928175651799
"zeros_mantidos","logistica",3,3,691,77,0.82962962962963,0.792207792207792,0.592592592592593,0.9,0.761904761904762,0.666666666666667,0.151806348041931
"zeros_mantidos","arvore",3,3,691,77,0.72,0.753246753246753,0.481481481481481,0.9,0.722222222222222,0.577777777777778,0.183469021841546
"zeros_mantidos","rf",3,3,691,77,0.847407407407407,0.766233766233766,0.555555555555556,0.88,0.714285714285714,0.625,0.151027168831169
"zeros_mantidos","gbm",3,3,691,77,0.848148148148148,0.779220779220779,0.481481481481481,0.94,0.8125,0.604651162790698,0.153791153651397
"zeros_mantidos","logistica",3,4,691,77,0.807407407407407,0.779220779220779,0.62962962962963,0.86,0.708333333333333,0.666666666666667,0.173060299765567
"zeros_mantidos","arvore",3,4,691,77,0.75037037037037,0.727272727272727,0.555555555555556,0.82,0.625,0.588235294117647,0.191577258715401
"zeros_mantidos","rf",3,4,691,77,0.815185185185185,0.74025974025974,0.666666666666667,0.78,0.620689655172414,0.642857142857143,0.168067532467532
"zeros_mantidos","gbm",3,4,691,77,0.834814814814815,0.779220779220779,0.666666666666667,0.84,0.692307692307692,0.679245283018868,0.160009727545355
"zeros_mantidos","logistica",3,5,691,77,0.803703703703704,0.74025974025974,0.444444444444444,0.9,0.705882352941177,0.545454545454546,0.171689143844562
"zeros_mantidos","arvore",3,5,691,77,0.66,0.714285714285714,0.37037037037037,0.9,0.666666666666667,0.476190476190476,0.206606009647109
"zeros_mantidos","rf",3,5,691,77,0.784814814814815,0.727272727272727,0.518518518518518,0.84,0.636363636363636,0.571428571428571,0.17782374025974
"zeros_mantidos","gbm",3,5,691,77,0.811111111111111,0.727272727272727,0.444444444444444,0.88,0.666666666666667,0.533333333333333,0.176138982631692
"zeros_mantidos","logistica",3,6,691,77,0.874074074074074,0.857142857142857,0.62962962962963,0.98,0.944444444444444,0.755555555555556,0.129650976499317
"zeros_mantidos","arvore",3,6,691,77,0.815555555555555,0.844155844155844,0.703703703703704,0.92,0.826086956521739,0.76,0.136148248375348
"zeros_mantidos","rf",3,6,691,77,0.892222222222222,0.844155844155844,0.740740740740741,0.9,0.8,0.769230769230769,0.134334441558442
"zeros_mantidos","gbm",3,6,691,77,0.919259259259259,0.87012987012987,0.666666666666667,0.98,0.947368421052632,0.782608695652174,0.127006042504998
"zeros_mantidos","logistica",3,7,691,77,0.848888888888889,0.805194805194805,0.592592592592593,0.92,0.8,0.680851063829787,0.149016493208644
"zeros_mantidos","arvore",3,7,691,77,0.625185185185185,0.701298701298701,0.37037037037037,0.88,0.625,0.465116279069767,0.211513985746486
"zeros_mantidos","rf",3,7,691,77,0.851111111111111,0.818181818181818,0.666666666666667,0.9,0.782608695652174,0.72,0.151293766233766
"zeros_mantidos","gbm",3,7,691,77,0.852592592592593,0.805194805194805,0.555555555555556,0.94,0.833333333333333,0.666666666666667,0.15477899587376
"zeros_mantidos","logistica",3,8,691,77,0.848888888888889,0.779220779220779,0.555555555555556,0.9,0.75,0.638297872340426,0.148865679454109
"zeros_mantidos","arvore",3,8,691,77,0.775925925925926,0.792207792207792,0.592592592592593,0.9,0.761904761904762,0.666666666666667,0.161895096452299
"zeros_mantidos","rf",3,8,691,77,0.81037037037037,0.779220779220779,0.62962962962963,0.86,0.708333333333333,0.666666666666667,0.162103116883117
"zeros_mantidos","gbm",3,8,691,77,0.808148148148148,0.753246753246753,0.555555555555556,0.86,0.681818181818182,0.612244897959184,0.162638694498384
"zeros_mantidos","logistica",3,9,692,76,0.793076923076923,0.75,0.576923076923077,0.84,0.652173913043478,0.612244897959184,0.17136587520364
"zeros_mantidos","arvore",3,9,692,76,0.682307692307692,0.723684210526316,0.5,0.84,0.619047619047619,0.553191489361702,0.199546651261674
"zeros_mantidos","rf",3,9,692,76,0.765384615384615,0.684210526315789,0.538461538461538,0.76,0.538461538461538,0.538461538461538,0.188037
"zeros_mantidos","gbm",3,9,692,76,0.797692307692308,0.697368421052632,0.461538461538462,0.82,0.571428571428571,0.51063829787234,0.175716947335357
"zeros_mantidos","logistica",3,10,692,76,0.919230769230769,0.842105263157895,0.692307692307692,0.92,0.818181818181818,0.75,0.116289317980343
"zeros_mantidos","arvore",3,10,692,76,0.804230769230769,0.828947368421053,0.692307692307692,0.9,0.782608695652174,0.73469387755102,0.143915805156772
"zeros_mantidos","rf",3,10,692,76,0.906153846153846,0.828947368421053,0.653846153846154,0.92,0.80952380952381,0.723404255319149,0.125402210526316
"zeros_mantidos","gbm",3,10,692,76,0.911538461538462,0.802631578947368,0.538461538461538,0.94,0.823529411764706,0.651162790697674,0.136682043503596
"zeros_mantidos","logistica",4,1,691,77,0.848148148148148,0.805194805194805,0.740740740740741,0.84,0.714285714285714,0.727272727272727,0.155893375408234
"zeros_mantidos","arvore",4,1,691,77,0.757037037037037,0.74025974025974,0.666666666666667,0.78,0.620689655172414,0.642857142857143,0.191984772815262
"zeros_mantidos","rf",4,1,691,77,0.807037037037037,0.74025974025974,0.62962962962963,0.8,0.62962962962963,0.62962962962963,0.1727
"zeros_mantidos","gbm",4,1,691,77,0.838518518518518,0.779220779220779,0.666666666666667,0.84,0.692307692307692,0.679245283018868,0.158191503029437
"zeros_mantidos","logistica",4,2,691,77,0.874814814814815,0.792207792207792,0.592592592592593,0.9,0.761904761904762,0.666666666666667,0.139972012782663
"zeros_mantidos","arvore",4,2,691,77,0.628148148148148,0.727272727272727,0.296296296296296,0.96,0.8,0.432432432432432,0.198011159807679
"zeros_mantidos","rf",4,2,691,77,0.828888888888889,0.818181818181818,0.62962962962963,0.92,0.80952380952381,0.708333333333333,0.154622753246753
"zeros_mantidos","gbm",4,2,691,77,0.845925925925926,0.792207792207792,0.555555555555556,0.92,0.789473684210526,0.652173913043478,0.151178182446856
"zeros_mantidos","logistica",4,3,691,77,0.791111111111111,0.766233766233766,0.518518518518518,0.9,0.736842105263158,0.608695652173913,0.17202539264107
"zeros_mantidos","arvore",4,3,691,77,0.686666666666667,0.753246753246753,0.518518518518518,0.88,0.7,0.595744680851064,0.189332078547004
"zeros_mantidos","rf",4,3,691,77,0.834444444444444,0.818181818181818,0.592592592592593,0.94,0.842105263157895,0.695652173913043,0.159589714285714
"zeros_mantidos","gbm",4,3,691,77,0.825185185185185,0.766233766233766,0.518518518518518,0.9,0.736842105263158,0.608695652173913,0.167633531543125
"zeros_mantidos","logistica",4,4,691,77,0.771111111111111,0.727272727272727,0.481481481481481,0.86,0.65,0.553191489361702,0.19167171975801
"zeros_mantidos","arvore",4,4,691,77,0.627407407407408,0.662337662337662,0.407407407407407,0.8,0.523809523809524,0.458333333333333,0.231755893563233
"zeros_mantidos","rf",4,4,691,77,0.745925925925926,0.675324675324675,0.555555555555556,0.74,0.535714285714286,0.545454545454545,0.198388779220779
"zeros_mantidos","gbm",4,4,691,77,0.745185185185185,0.636363636363636,0.407407407407407,0.76,0.478260869565217,0.44,0.195949415876193
"zeros_mantidos","logistica",4,5,691,77,0.88962962962963,0.805194805194805,0.666666666666667,0.88,0.75,0.705882352941177,0.130532487588157
"zeros_mantidos","arvore",4,5,691,77,0.83,0.857142857142857,0.703703703703704,0.94,0.863636363636364,0.775510204081633,0.134893629731615
"zeros_mantidos","rf",4,5,691,77,0.908888888888889,0.87012987012987,0.777777777777778,0.92,0.84,0.807692307692308,0.124171480519481
"zeros_mantidos","gbm",4,5,691,77,0.919259259259259,0.831168831168831,0.703703703703704,0.9,0.791666666666667,0.745098039215686,0.129310951850652
"zeros_mantidos","logistica",4,6,691,77,0.784444444444444,0.753246753246753,0.407407407407407,0.94,0.785714285714286,0.536585365853658,0.177644332998292
"zeros_mantidos","arvore",4,6,691,77,0.664444444444444,0.714285714285714,0.407407407407407,0.88,0.647058823529412,0.5,0.206246448279075
"zeros_mantidos","rf",4,6,691,77,0.801851851851852,0.727272727272727,0.444444444444444,0.88,0.666666666666667,0.533333333333333,0.175012
"zeros_mantidos","gbm",4,6,691,77,0.800740740740741,0.714285714285714,0.37037037037037,0.9,0.666666666666667,0.476190476190476,0.180417887988579
"zeros_mantidos","logistica",4,7,691,77,0.842222222222222,0.766233766233766,0.518518518518518,0.9,0.736842105263158,0.608695652173913,0.155153492094133
"zeros_mantidos","arvore",4,7,691,77,0.623333333333333,0.727272727272727,0.407407407407407,0.9,0.6875,0.511627906976744,0.206805597027103
"zeros_mantidos","rf",4,7,691,77,0.812592592592593,0.727272727272727,0.481481481481481,0.86,0.65,0.553191489361702,0.161566909090909
"zeros_mantidos","gbm",4,7,691,77,0.826666666666667,0.74025974025974,0.444444444444444,0.9,0.705882352941177,0.545454545454546,0.16542835577446
"zeros_mantidos","logistica",4,8,691,77,0.816296296296296,0.753246753246753,0.518518518518518,0.88,0.7,0.595744680851064,0.164986907078927
"zeros_mantidos","arvore",4,8,691,77,0.71037037037037,0.753246753246753,0.555555555555556,0.86,0.681818181818182,0.612244897959184,0.18507062083646
"zeros_mantidos","rf",4,8,691,77,0.82962962962963,0.753246753246753,0.592592592592593,0.84,0.666666666666667,0.627450980392157,0.16163225974026
"zeros_mantidos","gbm",4,8,691,77,0.833333333333333,0.753246753246753,0.444444444444444,0.92,0.75,0.558139534883721,0.160287885752655
"zeros_mantidos","logistica",4,9,692,76,0.824615384615385,0.815789473684211,0.653846153846154,0.9,0.772727272727273,0.708333333333333,0.14675442576407
"zeros_mantidos","arvore",4,9,692,76,0.709230769230769,0.75,0.538461538461538,0.86,0.666666666666667,0.595744680851064,0.185782346874996
"zeros_mantidos","rf",4,9,692,76,0.842692307692308,0.815789473684211,0.730769230769231,0.86,0.730769230769231,0.730769230769231,0.146622947368421
"zeros_mantidos","gbm",4,9,692,76,0.844615384615385,0.789473684210526,0.576923076923077,0.9,0.75,0.652173913043478,0.150610296336093
"zeros_mantidos","logistica",4,10,692,76,0.877692307692308,0.842105263157895,0.692307692307692,0.92,0.818181818181818,0.75,0.130193711518741
"zeros_mantidos","arvore",4,10,692,76,0.725,0.763157894736842,0.423076923076923,0.94,0.785714285714286,0.55,0.177273819468796
"zeros_mantidos","rf",4,10,692,76,0.878461538461538,0.815789473684211,0.653846153846154,0.9,0.772727272727273,0.708333333333333,0.140313894736842
"zeros_mantidos","gbm",4,10,692,76,0.873076923076923,0.828947368421053,0.615384615384615,0.94,0.842105263157895,0.711111111111111,0.141643472738859
"zeros_mantidos","logistica",5,1,691,77,0.853333333333333,0.766233766233766,0.592592592592593,0.86,0.695652173913043,0.64,0.151390060409857
"zeros_mantidos","arvore",5,1,691,77,0.61962962962963,0.727272727272727,0.259259259259259,0.98,0.875,0.4,0.197229516579805
"zeros_mantidos","rf",5,1,691,77,0.85962962962963,0.779220779220779,0.592592592592593,0.88,0.727272727272727,0.653061224489796,0.148331168831169
"zeros_mantidos","gbm",5,1,691,77,0.838888888888889,0.766233766233766,0.481481481481481,0.92,0.764705882352941,0.590909090909091,0.158170793835613
"zeros_mantidos","logistica",5,2,691,77,0.817037037037037,0.792207792207792,0.555555555555556,0.92,0.789473684210526,0.652173913043478,0.162192414505463
"zeros_mantidos","arvore",5,2,691,77,0.801851851851852,0.818181818181818,0.703703703703704,0.88,0.76,0.730769230769231,0.15223979884234
"zeros_mantidos","rf",5,2,691,77,0.809259259259259,0.805194805194805,0.592592592592593,0.92,0.8,0.680851063829787,0.161483064935065
"zeros_mantidos","gbm",5,2,691,77,0.823703703703704,0.805194805194805,0.555555555555556,0.94,0.833333333333333,0.666666666666667,0.159310156221156
"zeros_mantidos","logistica",5,3,691,77,0.855555555555556,0.766233766233766,0.518518518518518,0.9,0.736842105263158,0.608695652173913,0.149355962818018
"zeros_mantidos","arvore",5,3,691,77,0.683703703703704,0.753246753246753,0.518518518518518,0.88,0.7,0.595744680851064,0.189545446502388
"zeros_mantidos","rf",5,3,691,77,0.837777777777778,0.766233766233766,0.444444444444444,0.94,0.8,0.571428571428571,0.159507376623377
"zeros_mantidos","gbm",5,3,691,77,0.848888888888889,0.74025974025974,0.444444444444444,0.9,0.705882352941177,0.545454545454546,0.161147437285854
"zeros_mantidos","logistica",5,4,691,77,0.826666666666667,0.792207792207792,0.592592592592593,0.9,0.761904761904762,0.666666666666667,0.156900487610602
"zeros_mantidos","arvore",5,4,691,77,0.754444444444444,0.779220779220779,0.62962962962963,0.86,0.708333333333333,0.666666666666667,0.170150492203319
"zeros_mantidos","rf",5,4,691,77,0.814814814814815,0.74025974025974,0.703703703703704,0.76,0.612903225806452,0.655172413793104,0.168021038961039
"zeros_mantidos","gbm",5,4,691,77,0.827407407407407,0.727272727272727,0.555555555555556,0.82,0.625,0.588235294117647,0.162900154987652
"zeros_mantidos","logistica",5,5,691,77,0.765185185185185,0.766233766233766,0.518518518518518,0.9,0.736842105263158,0.608695652173913,0.194527418874265
"zeros_mantidos","arvore",5,5,691,77,0.675555555555555,0.714285714285714,0.518518518518518,0.82,0.608695652173913,0.56,0.205015857572404
"zeros_mantidos","rf",5,5,691,77,0.79,0.753246753246753,0.62962962962963,0.82,0.653846153846154,0.641509433962264,0.180614181818182
"zeros_mantidos","gbm",5,5,691,77,0.785925925925926,0.701298701298701,0.444444444444444,0.84,0.6,0.51063829787234,0.184529511166432
"zeros_mantidos","logistica",5,6,691,77,0.897777777777778,0.805194805194805,0.62962962962963,0.9,0.772727272727273,0.693877551020408,0.132510093544463
"zeros_mantidos","arvore",5,6,691,77,0.768888888888889,0.792207792207792,0.62962962962963,0.88,0.739130434782609,0.68,0.163460167613088
"zeros_mantidos","rf",5,6,691,77,0.895185185185185,0.831168831168831,0.666666666666667,0.92,0.818181818181818,0.73469387755102,0.123962441558442
"zeros_mantidos","gbm",5,6,691,77,0.891111111111111,0.831168831168831,0.62962962962963,0.94,0.85,0.723404255319149,0.132892130560049
"zeros_mantidos","logistica",5,7,691,77,0.791851851851852,0.727272727272727,0.592592592592593,0.8,0.615384615384615,0.60377358490566,0.177918361292185
"zeros_mantidos","arvore",5,7,691,77,0.715185185185185,0.727272727272727,0.62962962962963,0.78,0.607142857142857,0.618181818181818,0.196214336080343
"zeros_mantidos","rf",5,7,691,77,0.772222222222222,0.662337662337662,0.592592592592593,0.7,0.516129032258065,0.551724137931034,0.189897714285714
"zeros_mantidos","gbm",5,7,691,77,0.781481481481481,0.727272727272727,0.62962962962963,0.78,0.607142857142857,0.618181818181818,0.179978918633406
"zeros_mantidos","logistica",5,8,691,77,0.877777777777778,0.818181818181818,0.62962962962963,0.92,0.80952380952381,0.708333333333333,0.138485701508999
"zeros_mantidos","arvore",5,8,691,77,0.718888888888889,0.701298701298701,0.444444444444444,0.84,0.6,0.51063829787234,0.206769708805109
"zeros_mantidos","rf",5,8,691,77,0.835925925925926,0.792207792207792,0.666666666666667,0.86,0.72,0.692307692307692,0.156452935064935
"zeros_mantidos","gbm",5,8,691,77,0.844444444444444,0.74025974025974,0.444444444444444,0.9,0.705882352941177,0.545454545454546,0.160583885633176
"zeros_mantidos","logistica",5,9,692,76,0.832307692307692,0.789473684210526,0.615384615384615,0.88,0.727272727272727,0.666666666666667,0.145363115321639
"zeros_mantidos","arvore",5,9,692,76,0.726923076923077,0.75,0.653846153846154,0.8,0.62962962962963,0.641509433962264,0.179693246827853
"zeros_mantidos","rf",5,9,692,76,0.861153846153846,0.776315789473684,0.576923076923077,0.88,0.714285714285714,0.638297872340426,0.140656052631579
"zeros_mantidos","gbm",5,9,692,76,0.85,0.763157894736842,0.538461538461538,0.88,0.7,0.608695652173913,0.152576682597894
"zeros_mantidos","logistica",5,10,692,76,0.813076923076923,0.776315789473684,0.576923076923077,0.88,0.714285714285714,0.638297872340426,0.156867969387817
"zeros_mantidos","arvore",5,10,692,76,0.721923076923077,0.763157894736842,0.5,0.9,0.722222222222222,0.590909090909091,0.178689166367291
"zeros_mantidos","rf",5,10,692,76,0.821153846153846,0.763157894736842,0.576923076923077,0.86,0.681818181818182,0.625,0.160891842105263
"zeros_mantidos","gbm",5,10,692,76,0.864615384615385,0.776315789473684,0.538461538461538,0.9,0.736842105263158,0.622222222222222,0.15207806682828
"casos_completos","logistica",1,1,350,42,0.787654320987654,0.69047619047619,0.4,0.851851851851852,0.6,0.48,0.201918169253513
"casos_completos","arvore",1,1,350,42,0.782716049382716,0.761904761904762,0.533333333333333,0.888888888888889,0.727272727272727,0.615384615384615,0.174392779457624
"casos_completos","rf",1,1,350,42,0.841975308641975,0.785714285714286,0.6,0.888888888888889,0.75,0.666666666666667,0.156852095238095
"casos_completos","gbm",1,1,350,42,0.883950617283951,0.761904761904762,0.466666666666667,0.925925925925926,0.777777777777778,0.583333333333333,0.152859290047117
"casos_completos","logistica",1,2,358,34,0.881422924901186,0.794117647058823,0.545454545454545,0.91304347826087,0.75,0.631578947368421,0.136213941882684
"casos_completos","arvore",1,2,358,34,0.800395256916996,0.794117647058823,0.818181818181818,0.782608695652174,0.642857142857143,0.72,0.149391487029076
"casos_completos","rf",1,2,358,34,0.887351778656126,0.794117647058823,0.636363636363636,0.869565217391304,0.7,0.666666666666667,0.129151411764706
"casos_completos","gbm",1,2,358,34,0.869565217391304,0.794117647058823,0.636363636363636,0.869565217391304,0.7,0.666666666666667,0.145498862315898
"casos_completos","logistica",1,3,350,42,0.813775510204082,0.785714285714286,0.642857142857143,0.857142857142857,0.692307692307692,0.666666666666667,0.158635923374135
"casos_completos","arvore",1,3,350,42,0.758928571428572,0.761904761904762,0.642857142857143,0.821428571428571,0.642857142857143,0.642857142857143,0.171603379030282
"casos_completos","rf",1,3,350,42,0.778061224489796,0.785714285714286,0.642857142857143,0.857142857142857,0.692307692307692,0.666666666666667,0.164435619047619
"casos_completos","gbm",1,3,350,42,0.788265306122449,0.785714285714286,0.642857142857143,0.857142857142857,0.692307692307692,0.666666666666667,0.159240474503024
"casos_completos","logistica",1,4,358,34,0.864285714285714,0.794117647058823,0.642857142857143,0.9,0.818181818181818,0.72,0.148648341031304
"casos_completos","arvore",1,4,358,34,0.880357142857143,0.852941176470588,0.785714285714286,0.9,0.846153846153846,0.814814814814815,0.145332737881539
"casos_completos","rf",1,4,358,34,0.864285714285714,0.794117647058823,0.571428571428571,0.95,0.888888888888889,0.695652173913043,0.145641058823529
"casos_completos","gbm",1,4,358,34,0.875,0.794117647058823,0.571428571428571,0.95,0.888888888888889,0.695652173913043,0.149612023626575
"casos_completos","logistica",1,5,348,44,0.793028322440087,0.704545454545455,0.411764705882353,0.888888888888889,0.7,0.518518518518518,0.188972173705236
"casos_completos","arvore",1,5,348,44,0.635076252723311,0.659090909090909,0.529411764705882,0.740740740740741,0.5625,0.545454545454546,0.236140236913526
"casos_completos","rf",1,5,348,44,0.809368191721133,0.75,0.529411764705882,0.888888888888889,0.75,0.620689655172414,0.177086909090909
"casos_completos","gbm",1,5,348,44,0.803921568627451,0.727272727272727,0.411764705882353,0.925925925925926,0.777777777777778,0.538461538461538,0.194466444566189
"casos_completos","logistica",1,6,354,38,0.875420875420875,0.815789473684211,0.454545454545455,0.962962962962963,0.833333333333333,0.588235294117647,0.122626740473071
"casos_completos","arvore",1,6,354,38,0.713804713804714,0.815789473684211,0.545454545454545,0.925925925925926,0.75,0.631578947368421,0.15652856763144
"casos_completos","rf",1,6,354,38,0.835016835016835,0.815789473684211,0.454545454545455,0.962962962962963,0.833333333333333,0.588235294117647,0.128803894736842
"casos_completos","gbm",1,6,354,38,0.855218855218855,0.815789473684211,0.454545454545455,0.962962962962963,0.833333333333333,0.588235294117647,0.135091218035429
"casos_completos","logistica",1,7,346,46,0.909090909090909,0.847826086956522,0.727272727272727,0.885714285714286,0.666666666666667,0.695652173913043,0.109654061972644
"casos_completos","arvore",1,7,346,46,0.809090909090909,0.804347826086957,0.818181818181818,0.8,0.5625,0.666666666666667,0.133565449482134
"casos_completos","rf",1,7,346,46,0.941558441558441,0.869565217391304,0.818181818181818,0.885714285714286,0.692307692307692,0.75,0.0920664347826087
"casos_completos","gbm",1,7,346,46,0.935064935064935,0.869565217391304,0.818181818181818,0.885714285714286,0.692307692307692,0.75,0.104570082076737
"casos_completos","logistica",1,8,348,44,0.848275862068966,0.75,0.533333333333333,0.862068965517241,0.666666666666667,0.592592592592593,0.162827911304944
"casos_completos","arvore",1,8,348,44,0.711494252873563,0.704545454545455,0.733333333333333,0.689655172413793,0.55,0.628571428571429,0.19163454968499
"casos_completos","rf",1,8,348,44,0.877011494252874,0.772727272727273,0.6,0.862068965517241,0.692307692307692,0.642857142857143,0.140337090909091
"casos_completos","gbm",1,8,348,44,0.862068965517241,0.795454545454545,0.6,0.896551724137931,0.75,0.666666666666667,0.147248917139571
"casos_completos","logistica",1,9,354,38,0.827692307692308,0.763157894736842,0.692307692307692,0.8,0.642857142857143,0.666666666666667,0.155829877875956
"casos_completos","arvore",1,9,354,38,0.861538461538462,0.842105263157895,0.846153846153846,0.84,0.733333333333333,0.785714285714286,0.130646049124727
"casos_completos","rf",1,9,354,38,0.86,0.763157894736842,0.769230769230769,0.76,0.625,0.689655172413793,0.142715263157895
"casos_completos","gbm",1,9,354,38,0.886153846153846,0.842105263157895,0.692307692307692,0.92,0.818181818181818,0.75,0.137417371909306
"casos_completos","logistica",1,10,362,30,0.857142857142857,0.8,0.555555555555556,0.904761904761905,0.714285714285714,0.625,0.146163114325838
"casos_completos","arvore",1,10,362,30,0.753968253968254,0.8,0.666666666666667,0.857142857142857,0.666666666666667,0.666666666666667,0.166374445766472
"casos_completos","rf",1,10,362,30,0.82010582010582,0.766666666666667,0.555555555555556,0.857142857142857,0.625,0.588235294117647,0.1621876
"casos_completos","gbm",1,10,362,30,0.841269841269841,0.766666666666667,0.555555555555556,0.857142857142857,0.625,0.588235294117647,0.163696624357108
"casos_completos","logistica",2,1,354,38,0.831649831649832,0.736842105263158,0.545454545454545,0.814814814814815,0.545454545454545,0.545454545454545,0.156533986779254
"casos_completos","arvore",2,1,354,38,0.77946127946128,0.763157894736842,0.818181818181818,0.740740740740741,0.5625,0.666666666666667,0.155759521093453
"casos_completos","rf",2,1,354,38,0.872053872053872,0.736842105263158,0.636363636363636,0.777777777777778,0.538461538461538,0.583333333333333,0.136391368421053
"casos_completos","gbm",2,1,354,38,0.888888888888889,0.763157894736842,0.636363636363636,0.814814814814815,0.583333333333333,0.608695652173913,0.14092203753848
"casos_completos","logistica",2,2,356,36,0.861818181818182,0.833333333333333,0.727272727272727,0.88,0.727272727272727,0.727272727272727,0.141056414116969
"casos_completos","arvore",2,2,356,36,0.763636363636364,0.777777777777778,0.727272727272727,0.8,0.615384615384615,0.666666666666667,0.158236023745979
"casos_completos","rf",2,2,356,36,0.929090909090909,0.833333333333333,0.636363636363636,0.92,0.777777777777778,0.7,0.115968111111111
"casos_completos","gbm",2,2,356,36,0.905454545454545,0.833333333333333,0.636363636363636,0.92,0.777777777777778,0.7,0.131358368981991
"casos_completos","logistica",2,3,352,40,0.806547619047619,0.8,0.416666666666667,0.964285714285714,0.833333333333333,0.555555555555556,0.146874181013933
"casos_completos","arvore",2,3,352,40,0.648809523809524,0.675,0.583333333333333,0.714285714285714,0.466666666666667,0.518518518518519,0.206555645739293
"casos_completos","rf",2,3,352,40,0.776785714285714,0.725,0.416666666666667,0.857142857142857,0.555555555555556,0.476190476190476,0.1651969
"casos_completos","gbm",2,3,352,40,0.761904761904762,0.7,0.416666666666667,0.821428571428571,0.5,0.454545454545455,0.174281035960221
"casos_completos","logistica",2,4,345,47,0.919607843137255,0.829787234042553,0.647058823529412,0.933333333333333,0.846153846153846,0.733333333333333,0.117753113578908
"casos_completos","arvore",2,4,345,47,0.857843137254902,0.851063829787234,0.882352941176471,0.833333333333333,0.75,0.810810810810811,0.132508427225807
"casos_completos","rf",2,4,345,47,0.917647058823529,0.872340425531915,0.705882352941177,0.966666666666667,0.923076923076923,0.8,0.113995319148936
"casos_completos","gbm",2,4,345,47,0.93921568627451,0.851063829787234,0.647058823529412,0.966666666666667,0.916666666666667,0.758620689655172,0.12371140793629
"casos_completos","logistica",2,5,347,45,0.847593582887701,0.8,0.363636363636364,0.941176470588235,0.666666666666667,0.470588235294118,0.142206825687901
"casos_completos","arvore",2,5,347,45,0.681818181818182,0.8,0.545454545454545,0.882352941176471,0.6,0.571428571428571,0.169332877129546
"casos_completos","rf",2,5,347,45,0.827540106951872,0.8,0.363636363636364,0.941176470588235,0.666666666666667,0.470588235294118,0.140159733333333
"casos_completos","gbm",2,5,347,45,0.77807486631016,0.777777777777778,0.272727272727273,0.941176470588235,0.6,0.375,0.148208265013073
"casos_completos","logistica",2,6,353,39,0.807692307692308,0.717948717948718,0.615384615384615,0.769230769230769,0.571428571428571,0.592592592592593,0.178976238719272
"casos_completos","arvore",2,6,353,39,0.788461538461538,0.769230769230769,0.846153846153846,0.730769230769231,0.611111111111111,0.709677419354839,0.158056010375685
"casos_completos","rf",2,6,353,39,0.86094674556213,0.769230769230769,0.846153846153846,0.730769230769231,0.611111111111111,0.709677419354839,0.152075076923077
"casos_completos","gbm",2,6,353,39,0.86094674556213,0.743589743589744,0.692307692307692,0.769230769230769,0.6,0.642857142857143,0.150758655123647
"casos_completos","logistica",2,7,362,30,0.84375,0.733333333333333,0.571428571428571,0.875,0.8,0.666666666666667,0.173703905477097
"casos_completos","arvore",2,7,362,30,0.727678571428571,0.733333333333333,0.642857142857143,0.8125,0.75,0.692307692307692,0.214595397446306
"casos_completos","rf",2,7,362,30,0.859375,0.766666666666667,0.571428571428571,0.9375,0.888888888888889,0.695652173913043,0.155398666666667
"casos_completos","gbm",2,7,362,30,0.879464285714286,0.766666666666667,0.5,1,1,0.666666666666667,0.161638913347024
"casos_completos","logistica",2,8,353,39,0.828571428571429,0.743589743589744,0.5,0.88,0.7,0.583333333333333,0.159462820762754
"casos_completos","arvore",2,8,353,39,0.735714285714286,0.743589743589744,0.571428571428571,0.84,0.666666666666667,0.615384615384615,0.187159803761814
"casos_completos","rf",2,8,353,39,0.827142857142857,0.743589743589744,0.571428571428571,0.84,0.666666666666667,0.615384615384615,0.166050871794872
"casos_completos","gbm",2,8,353,39,0.837142857142857,0.769230769230769,0.5,0.92,0.777777777777778,0.608695652173913,0.161132408883443
"casos_completos","logistica",2,9,352,40,0.799450549450549,0.75,0.571428571428571,0.846153846153846,0.666666666666667,0.615384615384615,0.167456843509796
"casos_completos","arvore",2,9,352,40,0.760989010989011,0.75,0.571428571428571,0.846153846153846,0.666666666666667,0.615384615384615,0.18467997543872
"casos_completos","rf",2,9,352,40,0.791208791208791,0.75,0.571428571428571,0.846153846153846,0.666666666666667,0.615384615384615,0.1770734
"casos_completos","gbm",2,9,352,40,0.813186813186813,0.75,0.571428571428571,0.846153846153846,0.666666666666667,0.615384615384615,0.167315609881495
"casos_completos","logistica",2,10,354,38,0.861538461538462,0.763157894736842,0.615384615384615,0.84,0.666666666666667,0.64,0.154387929798231
"casos_completos","arvore",2,10,354,38,0.753846153846154,0.763157894736842,0.692307692307692,0.8,0.642857142857143,0.666666666666667,0.186446054604478
"casos_completos","rf",2,10,354,38,0.886153846153846,0.789473684210526,0.538461538461538,0.92,0.777777777777778,0.636363636363636,0.142243894736842
"casos_completos","gbm",2,10,354,38,0.876923076923077,0.763157894736842,0.538461538461538,0.88,0.7,0.608695652173913,0.147632879675446
"casos_completos","logistica",3,1,350,42,0.878125,0.833333333333333,0.7,0.875,0.636363636363636,0.666666666666667,0.128299875433648
"casos_completos","arvore",3,1,350,42,0.790625,0.785714285714286,0.8,0.78125,0.533333333333333,0.64,0.141105637985106
"casos_completos","rf",3,1,350,42,0.890625,0.880952380952381,0.7,0.9375,0.777777777777778,0.736842105263158,0.118574095238095
"casos_completos","gbm",3,1,350,42,0.925,0.857142857142857,0.6,0.9375,0.75,0.666666666666667,0.112412050660318
"casos_completos","logistica",3,2,353,39,0.737967914438503,0.615384615384615,0.411764705882353,0.772727272727273,0.583333333333333,0.482758620689655,0.224232039067627
"casos_completos","arvore",3,2,353,39,0.560160427807487,0.564102564102564,0.529411764705882,0.590909090909091,0.5,0.514285714285714,0.285950485580661
"casos_completos","rf",3,2,353,39,0.679144385026738,0.564102564102564,0.470588235294118,0.636363636363636,0.5,0.484848484848485,0.216862564102564
"casos_completos","gbm",3,2,353,39,0.700534759358289,0.615384615384615,0.352941176470588,0.818181818181818,0.6,0.444444444444444,0.222347784725512
"casos_completos","logistica",3,3,352,40,0.912087912087912,0.775,0.5,0.923076923076923,0.777777777777778,0.608695652173913,0.130092122523305
"casos_completos","arvore",3,3,352,40,0.826923076923077,0.85,0.714285714285714,0.923076923076923,0.833333333333333,0.769230769230769,0.140766318252323
"casos_completos","rf",3,3,352,40,0.927197802197802,0.775,0.5,0.923076923076923,0.777777777777778,0.608695652173913,0.1233264
"casos_completos","gbm",3,3,352,40,0.942307692307692,0.775,0.5,0.923076923076923,0.777777777777778,0.608695652173913,0.135508479344346
"casos_completos","logistica",3,4,349,43,0.803977272727273,0.720930232558139,0.363636363636364,0.84375,0.444444444444444,0.4,0.16588890075514
"casos_completos","arvore",3,4,349,43,0.762784090909091,0.720930232558139,0.545454545454545,0.78125,0.461538461538462,0.5,0.18424666765723
"casos_completos","rf",3,4,349,43,0.801136363636364,0.744186046511628,0.454545454545455,0.84375,0.5,0.476190476190476,0.159780186046512
"casos_completos","gbm",3,4,349,43,0.849431818181818,0.813953488372093,0.636363636363636,0.875,0.636363636363636,0.636363636363636,0.144688854518575
"casos_completos","logistica",3,5,350,42,0.8125,0.80952380952381,0.5,0.90625,0.625,0.555555555555556,0.146050035504002
"casos_completos","arvore",3,5,350,42,0.640625,0.714285714285714,0.5,0.78125,0.416666666666667,0.454545454545455,0.195520534054544
"casos_completos","rf",3,5,350,42,0.8671875,0.738095238095238,0.7,0.75,0.466666666666667,0.56,0.146230095238095
"casos_completos","gbm",3,5,350,42,0.8125,0.80952380952381,0.5,0.90625,0.625,0.555555555555556,0.148900754409421
"casos_completos","logistica",3,6,353,39,0.929347826086957,0.846153846153846,0.625,1,1,0.769230769230769,0.124992109651272
"casos_completos","arvore",3,6,353,39,0.880434782608696,0.897435897435897,0.75,1,1,0.857142857142857,0.117073182872564
"casos_completos","rf",3,6,353,39,0.967391304347826,0.846153846153846,0.625,1,1,0.769230769230769,0.110781846153846
"casos_completos","gbm",3,6,353,39,0.980978260869565,0.846153846153846,0.625,1,1,0.769230769230769,0.119949060101781
"casos_completos","logistica",3,7,358,34,0.824175824175824,0.823529411764706,0.692307692307692,0.904761904761905,0.818181818181818,0.75,0.14996667965095
"casos_completos","arvore",3,7,358,34,0.888278388278388,0.852941176470588,0.692307692307692,0.952380952380952,0.9,0.782608695652174,0.132362927195206
"casos_completos","rf",3,7,358,34,0.833333333333333,0.823529411764706,0.615384615384615,0.952380952380952,0.888888888888889,0.727272727272727,0.161211764705882
"casos_completos","gbm",3,7,358,34,0.838827838827839,0.823529411764706,0.615384615384615,0.952380952380952,0.888888888888889,0.727272727272727,0.151309420346257
"casos_completos","logistica",3,8,352,40,0.802666666666667,0.775,0.6,0.88,0.75,0.666666666666667,0.170019883342401
"casos_completos","arvore",3,8,352,40,0.784,0.775,0.6,0.88,0.75,0.666666666666667,0.1632598422482
"casos_completos","rf",3,8,352,40,0.786666666666667,0.725,0.533333333333333,0.84,0.666666666666667,0.592592592592593,0.1737343
"casos_completos","gbm",3,8,352,40,0.778666666666667,0.725,0.533333333333333,0.84,0.666666666666667,0.592592592592593,0.170375176699427
"casos_completos","logistica",3,9,356,36,0.857142857142857,0.722222222222222,0.642857142857143,0.772727272727273,0.642857142857143,0.642857142857143,0.166256787379327
"casos_completos","arvore",3,9,356,36,0.680194805194805,0.666666666666667,0.5,0.772727272727273,0.583333333333333,0.538461538461538,0.230491427256274
"casos_completos","rf",3,9,356,36,0.816558441558442,0.694444444444444,0.571428571428571,0.772727272727273,0.615384615384615,0.592592592592593,0.173683555555556
"casos_completos","gbm",3,9,356,36,0.827922077922078,0.666666666666667,0.5,0.772727272727273,0.583333333333333,0.538461538461538,0.182708270901064
"casos_completos","logistica",3,10,355,37,0.948148148148148,0.891891891891892,0.7,0.962962962962963,0.875,0.777777777777778,0.0873503466630064
"casos_completos","arvore",3,10,355,37,0.838888888888889,0.810810810810811,0.9,0.777777777777778,0.6,0.72,0.131125815837417
"casos_completos","rf",3,10,355,37,0.911111111111111,0.810810810810811,0.6,0.888888888888889,0.666666666666667,0.631578947368421,0.11806972972973
"casos_completos","gbm",3,10,355,37,0.922222222222222,0.837837837837838,0.6,0.925925925925926,0.75,0.666666666666667,0.111365367206761
"casos_completos","logistica",4,1,352,40,0.811965811965812,0.775,0.615384615384615,0.851851851851852,0.666666666666667,0.64,0.164663468285747
"casos_completos","arvore",4,1,352,40,0.762108262108262,0.75,0.769230769230769,0.740740740740741,0.588235294117647,0.666666666666667,0.187202388038534
"casos_completos","rf",4,1,352,40,0.847578347578348,0.75,0.615384615384615,0.814814814814815,0.615384615384615,0.615384615384615,0.1461892
"casos_completos","gbm",4,1,352,40,0.849002849002849,0.775,0.692307692307692,0.814814814814815,0.642857142857143,0.666666666666667,0.14904398245347
"casos_completos","logistica",4,2,352,40,0.845238095238095,0.775,0.416666666666667,0.928571428571429,0.714285714285714,0.526315789473684,0.143556550596133
"casos_completos","arvore",4,2,352,40,0.885416666666667,0.775,0.583333333333333,0.857142857142857,0.636363636363636,0.608695652173913,0.119320484087948
"casos_completos","rf",4,2,352,40,0.8125,0.825,0.666666666666667,0.892857142857143,0.727272727272727,0.695652173913043,0.1404339
"casos_completos","gbm",4,2,352,40,0.857142857142857,0.825,0.5,0.964285714285714,0.857142857142857,0.631578947368421,0.130253331108287
"casos_completos","logistica",4,3,358,34,0.861660079051383,0.823529411764706,0.545454545454545,0.956521739130435,0.857142857142857,0.666666666666667,0.131112103985768
"casos_completos","arvore",4,3,358,34,0.709486166007905,0.735294117647059,0.636363636363636,0.782608695652174,0.583333333333333,0.608695652173913,0.183505123238371
"casos_completos","rf",4,3,358,34,0.911067193675889,0.794117647058823,0.636363636363636,0.869565217391304,0.7,0.666666666666667,0.121907529411765
"casos_completos","gbm",4,3,358,34,0.865612648221344,0.794117647058823,0.545454545454545,0.91304347826087,0.75,0.631578947368421,0.14510101101327
"casos_completos","logistica",4,4,356,36,0.720634920634921,0.638888888888889,0.4,0.80952380952381,0.6,0.48,0.23824336054827
"casos_completos","arvore",4,4,356,36,0.695238095238095,0.666666666666667,0.6,0.714285714285714,0.6,0.6,0.230612965221649
"casos_completos","rf",4,4,356,36,0.73015873015873,0.611111111111111,0.466666666666667,0.714285714285714,0.538461538461538,0.5,0.222459444444444
"casos_completos","gbm",4,4,356,36,0.720634920634921,0.611111111111111,0.4,0.761904761904762,0.545454545454545,0.461538461538462,0.224055111761421
"casos_completos","logistica",4,5,355,37,0.881481481481482,0.783783783783784,0.6,0.851851851851852,0.6,0.6,0.127055876789647
"casos_completos","arvore",4,5,355,37,0.894444444444444,0.837837837837838,0.9,0.814814814814815,0.642857142857143,0.75,0.111925247068811
"casos_completos","rf",4,5,355,37,0.905555555555556,0.864864864864865,0.7,0.925925925925926,0.777777777777778,0.736842105263158,0.116128432432432
"casos_completos","gbm",4,5,355,37,0.918518518518519,0.864864864864865,0.7,0.925925925925926,0.777777777777778,0.736842105263158,0.118753011585056
"casos_completos","logistica",4,6,357,35,0.796,0.771428571428571,0.4,0.92,0.666666666666667,0.5,0.153369270052849
"casos_completos","arvore",4,6,357,35,0.72,0.771428571428571,0.6,0.84,0.6,0.6,0.164837893047406
"casos_completos","rf",4,6,357,35,0.818,0.742857142857143,0.5,0.84,0.555555555555556,0.526315789473684,0.157567542857143
"casos_completos","gbm",4,6,357,35,0.848,0.714285714285714,0.4,0.84,0.5,0.444444444444444,0.157925698746936
"casos_completos","logistica",4,7,345,47,0.839366515837104,0.787234042553192,0.461538461538462,0.911764705882353,0.666666666666667,0.545454545454546,0.139281641799579
"casos_completos","arvore",4,7,345,47,0.680995475113122,0.74468085106383,0.538461538461538,0.823529411764706,0.538461538461538,0.538461538461538,0.176930691299432
"casos_completos","rf",4,7,345,47,0.829185520361991,0.808510638297872,0.538461538461538,0.911764705882353,0.7,0.608695652173913,0.135737531914894
"casos_completos","gbm",4,7,345,47,0.839366515837104,0.808510638297872,0.461538461538462,0.941176470588235,0.75,0.571428571428571,0.135455100799967
"casos_completos","logistica",4,8,354,38,0.871794871794872,0.842105263157895,0.666666666666667,0.923076923076923,0.8,0.727272727272727,0.131677972856579
"casos_completos","arvore",4,8,354,38,0.855769230769231,0.789473684210526,0.666666666666667,0.846153846153846,0.666666666666667,0.666666666666667,0.142616479301352
"casos_completos","rf",4,8,354,38,0.817307692307692,0.842105263157895,0.666666666666667,0.923076923076923,0.8,0.727272727272727,0.145635894736842
"casos_completos","gbm",4,8,354,38,0.810897435897436,0.815789473684211,0.583333333333333,0.923076923076923,0.777777777777778,0.666666666666667,0.142082042951211
"casos_completos","logistica",4,9,356,36,0.847402597402597,0.805555555555556,0.714285714285714,0.863636363636364,0.769230769230769,0.740740740740741,0.14330903708039
"casos_completos","arvore",4,9,356,36,0.733766233766234,0.722222222222222,0.785714285714286,0.681818181818182,0.611111111111111,0.6875,0.188530000958408
"casos_completos","rf",4,9,356,36,0.891233766233766,0.805555555555556,0.785714285714286,0.818181818181818,0.733333333333333,0.758620689655172,0.135135777777778
"casos_completos","gbm",4,9,356,36,0.886363636363636,0.805555555555556,0.642857142857143,0.909090909090909,0.818181818181818,0.72,0.138011699784592
"casos_completos","logistica",4,10,343,49,0.896551724137931,0.755102040816326,0.6,0.862068965517241,0.75,0.666666666666667,0.147970650722614
"casos_completos","arvore",4,10,343,49,0.844827586206897,0.795918367346939,0.6,0.931034482758621,0.857142857142857,0.705882352941176,0.162228688511014
"casos_completos","rf",4,10,343,49,0.881896551724138,0.816326530612245,0.7,0.896551724137931,0.823529411764706,0.756756756756757,0.146666285714286
"casos_completos","gbm",4,10,343,49,0.875862068965517,0.795918367346939,0.6,0.931034482758621,0.857142857142857,0.705882352941176,0.153561312019247
"casos_completos","logistica",5,1,360,32,0.880208333333333,0.78125,0.5,0.875,0.571428571428571,0.533333333333333,0.121769664724117
"casos_completos","arvore",5,1,360,32,0.708333333333333,0.75,0.625,0.791666666666667,0.5,0.555555555555556,0.164611580251719
"casos_completos","rf",5,1,360,32,0.895833333333333,0.78125,0.625,0.833333333333333,0.555555555555556,0.588235294117647,0.117834875
"casos_completos","gbm",5,1,360,32,0.880208333333333,0.78125,0.5,0.875,0.571428571428571,0.533333333333333,0.135934461394555
"casos_completos","logistica",5,2,345,47,0.785714285714286,0.808510638297872,0.5,0.939393939393939,0.777777777777778,0.608695652173913,0.163218995013402
"casos_completos","arvore",5,2,345,47,0.818181818181818,0.851063829787234,0.714285714285714,0.909090909090909,0.769230769230769,0.740740740740741,0.130027829416118
"casos_completos","rf",5,2,345,47,0.807359307359307,0.808510638297872,0.5,0.939393939393939,0.777777777777778,0.608695652173913,0.145390723404255
"casos_completos","gbm",5,2,345,47,0.835497835497836,0.808510638297872,0.428571428571429,0.96969696969697,0.857142857142857,0.571428571428571,0.144378318295791
"casos_completos","logistica",5,3,348,44,0.858974358974359,0.727272727272727,0.5,0.884615384615385,0.75,0.6,0.169549333025514
"casos_completos","arvore",5,3,348,44,0.680555555555556,0.704545454545455,0.5,0.846153846153846,0.692307692307692,0.580645161290323,0.21855359571525
"casos_completos","rf",5,3,348,44,0.830128205128205,0.727272727272727,0.444444444444444,0.923076923076923,0.8,0.571428571428571,0.183999181818182
"casos_completos","gbm",5,3,348,44,0.846153846153846,0.681818181818182,0.333333333333333,0.923076923076923,0.75,0.461538461538462,0.191191178918549
"casos_completos","logistica",5,4,359,33,0.751851851851852,0.636363636363636,0.466666666666667,0.777777777777778,0.636363636363636,0.538461538461539,0.196938250066534
"casos_completos","arvore",5,4,359,33,0.644444444444444,0.636363636363636,0.733333333333333,0.555555555555556,0.578947368421053,0.647058823529412,0.23724955652188
"casos_completos","rf",5,4,359,33,0.825925925925926,0.787878787878788,0.733333333333333,0.833333333333333,0.785714285714286,0.758620689655172,0.178989575757576
"casos_completos","gbm",5,4,359,33,0.792592592592593,0.696969696969697,0.533333333333333,0.833333333333333,0.727272727272727,0.615384615384615,0.193736900249251
"casos_completos","logistica",5,5,353,39,0.804733727810651,0.769230769230769,0.538461538461538,0.884615384615385,0.7,0.608695652173913,0.180029100301217
"casos_completos","arvore",5,5,353,39,0.75,0.743589743589744,0.769230769230769,0.730769230769231,0.588235294117647,0.666666666666667,0.172780449788809
"casos_completos","rf",5,5,353,39,0.785502958579882,0.769230769230769,0.615384615384615,0.846153846153846,0.666666666666667,0.64,0.173950358974359
"casos_completos","gbm",5,5,353,39,0.807692307692308,0.769230769230769,0.615384615384615,0.846153846153846,0.666666666666667,0.64,0.164220425763333
"casos_completos","logistica",5,6,351,41,0.928921568627451,0.804878048780488,0.647058823529412,0.916666666666667,0.846153846153846,0.733333333333333,0.127770280502642
"casos_completos","arvore",5,6,351,41,0.811274509803922,0.829268292682927,0.705882352941177,0.916666666666667,0.857142857142857,0.774193548387097,0.165085866379488
"casos_completos","rf",5,6,351,41,0.931372549019608,0.853658536585366,0.647058823529412,1,1,0.785714285714286,0.121062243902439
"casos_completos","gbm",5,6,351,41,0.899509803921569,0.853658536585366,0.647058823529412,1,1,0.785714285714286,0.134172732302459
"casos_completos","logistica",5,7,356,36,0.838461538461538,0.777777777777778,0.5,0.884615384615385,0.625,0.555555555555556,0.144168866110854
"casos_completos","arvore",5,7,356,36,0.869230769230769,0.833333333333333,0.7,0.884615384615385,0.7,0.7,0.125583951533314
"casos_completos","rf",5,7,356,36,0.792307692307692,0.777777777777778,0.6,0.846153846153846,0.6,0.6,0.161278
"casos_completos","gbm",5,7,356,36,0.846153846153846,0.805555555555556,0.6,0.884615384615385,0.666666666666667,0.631578947368421,0.139082267960724
"casos_completos","logistica",5,8,351,41,0.85978835978836,0.804878048780488,0.642857142857143,0.888888888888889,0.75,0.692307692307692,0.156593161383401
"casos_completos","arvore",5,8,351,41,0.746031746031746,0.75609756097561,0.714285714285714,0.777777777777778,0.625,0.666666666666667,0.173503295526782
"casos_completos","rf",5,8,351,41,0.821428571428571,0.731707317073171,0.571428571428571,0.814814814814815,0.615384615384615,0.592592592592593,0.155751609756098
"casos_completos","gbm",5,8,351,41,0.85978835978836,0.75609756097561,0.5,0.888888888888889,0.7,0.583333333333333,0.157138841136804
"casos_completos","logistica",5,9,358,34,0.933333333333333,0.852941176470588,0.666666666666667,0.92,0.75,0.705882352941177,0.0938136148367684
"casos_completos","arvore",5,9,358,34,0.808888888888889,0.823529411764706,0.777777777777778,0.84,0.636363636363636,0.7,0.131868224817071
"casos_completos","rf",5,9,358,34,0.911111111111111,0.823529411764706,0.666666666666667,0.88,0.666666666666667,0.666666666666667,0.10874
"casos_completos","gbm",5,9,358,34,0.888888888888889,0.823529411764706,0.666666666666667,0.88,0.666666666666667,0.666666666666667,0.122228097697776
"casos_completos","logistica",5,10,347,45,0.856060606060606,0.822222222222222,0.75,0.848484848484849,0.642857142857143,0.692307692307692,0.133086753949426
"casos_completos","arvore",5,10,347,45,0.78030303030303,0.755555555555556,0.833333333333333,0.727272727272727,0.526315789473684,0.645161290322581,0.155213220756659
"casos_completos","rf",5,10,347,45,0.863636363636364,0.822222222222222,0.833333333333333,0.818181818181818,0.625,0.714285714285714,0.122635733333333
"casos_completos","gbm",5,10,347,45,0.877525252525252,0.822222222222222,0.75,0.848484848484849,0.642857142857143,0.692307692307692,0.118999305029191
"mediana","logistica",1,1,691,77,0.842222222222222,0.74025974025974,0.518518518518518,0.86,0.666666666666667,0.583333333333333,0.165758493129896
"mediana","arvore",1,1,691,77,0.841481481481481,0.805194805194805,0.666666666666667,0.88,0.75,0.705882352941177,0.15092604597177
"mediana","rf",1,1,691,77,0.872962962962963,0.792207792207792,0.592592592592593,0.9,0.761904761904762,0.666666666666667,0.14187038961039
"mediana","gbm",1,1,691,77,0.896296296296296,0.779220779220779,0.518518518518518,0.92,0.777777777777778,0.622222222222222,0.140833324746165
"mediana","logistica",1,2,691,77,0.896296296296296,0.805194805194805,0.592592592592593,0.92,0.8,0.680851063829787,0.130812257846498
"mediana","arvore",1,2,691,77,0.901481481481481,0.831168831168831,0.62962962962963,0.94,0.85,0.723404255319149,0.119584811397683
"mediana","rf",1,2,691,77,0.912222222222222,0.792207792207792,0.62962962962963,0.88,0.739130434782609,0.68,0.123651376623377
"mediana","gbm",1,2,691,77,0.935555555555555,0.831168831168831,0.62962962962963,0.94,0.85,0.723404255319149,0.128042892965747
"mediana","logistica",1,3,691,77,0.806666666666667,0.792207792207792,0.666666666666667,0.86,0.72,0.692307692307692,0.169514503530725
"mediana","arvore",1,3,691,77,0.706666666666667,0.753246753246753,0.62962962962963,0.82,0.653846153846154,0.641509433962264,0.201305513354994
"mediana","rf",1,3,691,77,0.774444444444444,0.753246753246753,0.592592592592593,0.84,0.666666666666667,0.627450980392157,0.183150025974026
"mediana","gbm",1,3,691,77,0.779259259259259,0.701298701298701,0.407407407407407,0.86,0.611111111111111,0.488888888888889,0.180492035568594
"mediana","logistica",1,4,691,77,0.778518518518518,0.727272727272727,0.518518518518518,0.84,0.636363636363636,0.571428571428571,0.175880715225559
"mediana","arvore",1,4,691,77,0.675555555555555,0.675324675324675,0.592592592592593,0.72,0.533333333333333,0.56140350877193,0.213638822047421
"mediana","rf",1,4,691,77,0.773703703703704,0.649350649350649,0.518518518518518,0.72,0.5,0.509090909090909,0.18258161038961
"mediana","gbm",1,4,691,77,0.772592592592593,0.727272727272727,0.444444444444444,0.88,0.666666666666667,0.533333333333333,0.178671367139086
"mediana","logistica",1,5,691,77,0.824444444444444,0.792207792207792,0.518518518518518,0.94,0.823529411764706,0.636363636363636,0.153018532039043
"mediana","arvore",1,5,691,77,0.686296296296296,0.727272727272727,0.518518518518518,0.84,0.636363636363636,0.571428571428571,0.198446020273605
"mediana","rf",1,5,691,77,0.816666666666667,0.766233766233766,0.592592592592593,0.86,0.695652173913043,0.64,0.161218857142857
"mediana","gbm",1,5,691,77,0.801481481481481,0.753246753246753,0.518518518518518,0.88,0.7,0.595744680851064,0.165318563982652
"mediana","logistica",1,6,691,77,0.854814814814815,0.792207792207792,0.518518518518518,0.94,0.823529411764706,0.636363636363636,0.139804992278722
"mediana","arvore",1,6,691,77,0.794444444444444,0.792207792207792,0.592592592592593,0.9,0.761904761904762,0.666666666666667,0.161335305586207
"mediana","rf",1,6,691,77,0.845185185185185,0.779220779220779,0.555555555555556,0.9,0.75,0.638297872340426,0.150522649350649
"mediana","gbm",1,6,691,77,0.855555555555556,0.792207792207792,0.518518518518518,0.94,0.823529411764706,0.636363636363636,0.148567658475313
"mediana","logistica",1,7,691,77,0.875555555555556,0.805194805194805,0.62962962962963,0.9,0.772727272727273,0.693877551020408,0.135065241694154
"mediana","arvore",1,7,691,77,0.688148148148148,0.74025974025974,0.481481481481481,0.88,0.684210526315789,0.565217391304348,0.19395459768328
"mediana","rf",1,7,691,77,0.877037037037037,0.805194805194805,0.740740740740741,0.84,0.714285714285714,0.727272727272727,0.137985038961039
"mediana","gbm",1,7,691,77,0.868148148148148,0.779220779220779,0.555555555555556,0.9,0.75,0.638297872340426,0.145989821570381
"mediana","logistica",1,8,691,77,0.82962962962963,0.714285714285714,0.444444444444444,0.86,0.631578947368421,0.521739130434783,0.171496509196152
"mediana","arvore",1,8,691,77,0.728888888888889,0.688311688311688,0.444444444444444,0.82,0.571428571428571,0.5,0.210361722079123
"mediana","rf",1,8,691,77,0.846666666666667,0.727272727272727,0.518518518518518,0.84,0.636363636363636,0.571428571428571,0.154705090909091
"mediana","gbm",1,8,691,77,0.824444444444444,0.701298701298701,0.444444444444444,0.84,0.6,0.51063829787234,0.169414367654423
"mediana","logistica",1,9,692,76,0.77,0.697368421052632,0.576923076923077,0.76,0.555555555555556,0.566037735849057,0.184995076930216
"mediana","arvore",1,9,692,76,0.743461538461539,0.75,0.730769230769231,0.76,0.612903225806452,0.666666666666667,0.186968486634756
"mediana","rf",1,9,692,76,0.809230769230769,0.75,0.653846153846154,0.8,0.62962962962963,0.641509433962264,0.172207736842105
"mediana","gbm",1,9,692,76,0.806153846153846,0.723684210526316,0.538461538461538,0.82,0.608695652173913,0.571428571428572,0.16415826411744
"mediana","logistica",1,10,692,76,0.825384615384615,0.789473684210526,0.615384615384615,0.88,0.727272727272727,0.666666666666667,0.152627778980289
"mediana","arvore",1,10,692,76,0.765769230769231,0.684210526315789,0.653846153846154,0.7,0.53125,0.586206896551724,0.202957066531526
"mediana","rf",1,10,692,76,0.769615384615385,0.710526315789474,0.615384615384615,0.76,0.571428571428571,0.592592592592593,0.185167473684211
"mediana","gbm",1,10,692,76,0.805384615384615,0.75,0.576923076923077,0.84,0.652173913043478,0.612244897959184,0.16957879899633
"mediana","logistica",2,1,691,77,0.821481481481481,0.714285714285714,0.555555555555556,0.8,0.6,0.576923076923077,0.167252985461885
"mediana","arvore",2,1,691,77,0.739259259259259,0.727272727272727,0.592592592592593,0.8,0.615384615384615,0.60377358490566,0.19180313709493
"mediana","rf",2,1,691,77,0.834814814814815,0.714285714285714,0.592592592592593,0.78,0.592592592592593,0.592592592592593,0.160575688311688
"mediana","gbm",2,1,691,77,0.84962962962963,0.74025974025974,0.666666666666667,0.78,0.620689655172414,0.642857142857143,0.159687670401891
"mediana","logistica",2,2,691,77,0.823703703703704,0.779220779220779,0.481481481481481,0.94,0.8125,0.604651162790698,0.161077890748297
"mediana","arvore",2,2,691,77,0.714444444444444,0.779220779220779,0.481481481481481,0.94,0.8125,0.604651162790698,0.175289879629042
"mediana","rf",2,2,691,77,0.847777777777778,0.805194805194805,0.518518518518518,0.96,0.875,0.651162790697674,0.14728587012987
"mediana","gbm",2,2,691,77,0.844444444444444,0.753246753246753,0.407407407407407,0.94,0.785714285714286,0.536585365853658,0.156395606919939
"mediana","logistica",2,3,691,77,0.821481481481481,0.74025974025974,0.444444444444444,0.9,0.705882352941177,0.545454545454546,0.156323579754174
"mediana","arvore",2,3,691,77,0.62962962962963,0.675324675324675,0.407407407407407,0.82,0.55,0.468085106382979,0.226407777297491
"mediana","rf",2,3,691,77,0.792592592592593,0.779220779220779,0.555555555555556,0.9,0.75,0.638297872340426,0.174773142857143
"mediana","gbm",2,3,691,77,0.771111111111111,0.714285714285714,0.444444444444444,0.86,0.631578947368421,0.521739130434783,0.178785721896281
"mediana","logistica",2,4,691,77,0.933333333333333,0.831168831168831,0.666666666666667,0.92,0.818181818181818,0.73469387755102,0.106877385072775
"mediana","arvore",2,4,691,77,0.717777777777778,0.766233766233766,0.555555555555556,0.88,0.714285714285714,0.625,0.178688696897821
"mediana","rf",2,4,691,77,0.918148148148148,0.87012987012987,0.777777777777778,0.92,0.84,0.807692307692308,0.119080779220779
"mediana","gbm",2,4,691,77,0.935555555555555,0.896103896103896,0.740740740740741,0.98,0.952380952380952,0.833333333333333,0.121285824055604
"mediana","logistica",2,5,691,77,0.86,0.805194805194805,0.518518518518518,0.96,0.875,0.651162790697674,0.14988307985054
"mediana","arvore",2,5,691,77,0.711111111111111,0.766233766233766,0.444444444444444,0.94,0.8,0.571428571428571,0.180057035012556
"mediana","rf",2,5,691,77,0.86962962962963,0.805194805194805,0.555555555555556,0.94,0.833333333333333,0.666666666666667,0.142976415584416
"mediana","gbm",2,5,691,77,0.874814814814815,0.766233766233766,0.444444444444444,0.94,0.8,0.571428571428571,0.153870109242591
"mediana","logistica",2,6,691,77,0.794814814814815,0.74025974025974,0.481481481481481,0.88,0.684210526315789,0.565217391304348,0.1818563509859
"mediana","arvore",2,6,691,77,0.633703703703704,0.701298701298701,0.407407407407407,0.86,0.611111111111111,0.488888888888889,0.211110326069087
"mediana","rf",2,6,691,77,0.845555555555556,0.727272727272727,0.518518518518518,0.84,0.636363636363636,0.571428571428571,0.163482597402597
"mediana","gbm",2,6,691,77,0.851111111111111,0.766233766233766,0.555555555555556,0.88,0.714285714285714,0.625,0.159532113410108
"mediana","logistica",2,7,691,77,0.896296296296296,0.831168831168831,0.666666666666667,0.92,0.818181818181818,0.73469387755102,0.123253822288527
"mediana","arvore",2,7,691,77,0.886666666666667,0.857142857142857,0.777777777777778,0.9,0.807692307692308,0.792452830188679,0.117411790176228
"mediana","rf",2,7,691,77,0.875555555555556,0.792207792207792,0.666666666666667,0.86,0.72,0.692307692307692,0.138132831168831
"mediana","gbm",2,7,691,77,0.888148148148148,0.844155844155844,0.666666666666667,0.94,0.857142857142857,0.75,0.134250651102052
"mediana","logistica",2,8,691,77,0.782222222222222,0.727272727272727,0.555555555555556,0.82,0.625,0.588235294117647,0.186025824492202
"mediana","arvore",2,8,691,77,0.676666666666667,0.649350649350649,0.518518518518518,0.72,0.5,0.509090909090909,0.235842361598679
"mediana","rf",2,8,691,77,0.731851851851852,0.662337662337662,0.555555555555556,0.72,0.517241379310345,0.535714285714286,0.199741974025974
"mediana","gbm",2,8,691,77,0.755555555555556,0.649350649350649,0.37037037037037,0.8,0.5,0.425531914893617,0.189626884657368
"mediana","logistica",2,9,692,76,0.790769230769231,0.723684210526316,0.538461538461538,0.82,0.608695652173913,0.571428571428572,0.178323450944542
"mediana","arvore",2,9,692,76,0.805769230769231,0.789473684210526,0.692307692307692,0.84,0.692307692307692,0.692307692307692,0.167582968492675
"mediana","rf",2,9,692,76,0.784615384615385,0.736842105263158,0.576923076923077,0.82,0.625,0.6,0.181747631578947
"mediana","gbm",2,9,692,76,0.817692307692308,0.723684210526316,0.5,0.84,0.619047619047619,0.553191489361702,0.1662216260989
"mediana","logistica",2,10,692,76,0.829230769230769,0.789473684210526,0.653846153846154,0.86,0.708333333333333,0.68,0.157729302911943
"mediana","arvore",2,10,692,76,0.804230769230769,0.736842105263158,0.730769230769231,0.74,0.59375,0.655172413793103,0.178093227352573
"mediana","rf",2,10,692,76,0.812307692307692,0.736842105263158,0.576923076923077,0.82,0.625,0.6,0.166376526315789
"mediana","gbm",2,10,692,76,0.830769230769231,0.75,0.576923076923077,0.84,0.652173913043478,0.612244897959184,0.156910403315726
"mediana","logistica",3,1,691,77,0.815555555555555,0.74025974025974,0.555555555555556,0.84,0.652173913043478,0.6,0.174043490948627
"mediana","arvore",3,1,691,77,0.745185185185185,0.792207792207792,0.555555555555556,0.92,0.789473684210526,0.652173913043478,0.16645200409115
"mediana","rf",3,1,691,77,0.864444444444444,0.792207792207792,0.555555555555556,0.92,0.789473684210526,0.652173913043478,0.144550493506494
"mediana","gbm",3,1,691,77,0.855555555555556,0.753246753246753,0.481481481481481,0.9,0.722222222222222,0.577777777777778,0.152297731951214
"mediana","logistica",3,2,691,77,0.771851851851852,0.727272727272727,0.555555555555556,0.82,0.625,0.588235294117647,0.186248545163548
"mediana","arvore",3,2,691,77,0.717407407407407,0.688311688311688,0.518518518518518,0.78,0.56,0.538461538461538,0.224979871802132
"mediana","rf",3,2,691,77,0.753333333333333,0.701298701298701,0.62962962962963,0.74,0.566666666666667,0.596491228070176,0.186168883116883
"mediana","gbm",3,2,691,77,0.72962962962963,0.623376623376623,0.444444444444444,0.72,0.461538461538462,0.452830188679245,0.194835107035415
"mediana","logistica",3,3,691,77,0.860740740740741,0.805194805194805,0.62962962962963,0.9,0.772727272727273,0.693877551020408,0.142270257233156
"mediana","arvore",3,3,691,77,0.72,0.753246753246753,0.481481481481481,0.9,0.722222222222222,0.577777777777778,0.183368437922286
"mediana","rf",3,3,691,77,0.862592592592593,0.766233766233766,0.555555555555556,0.88,0.714285714285714,0.625,0.144110077922078
"mediana","gbm",3,3,691,77,0.865185185185185,0.779220779220779,0.481481481481481,0.94,0.8125,0.604651162790698,0.148060598795345
"mediana","logistica",3,4,691,77,0.802222222222222,0.753246753246753,0.62962962962963,0.82,0.653846153846154,0.641509433962264,0.177740513963512
"mediana","arvore",3,4,691,77,0.75037037037037,0.727272727272727,0.555555555555556,0.82,0.625,0.588235294117647,0.191002921048806
"mediana","rf",3,4,691,77,0.797037037037037,0.714285714285714,0.62962962962963,0.76,0.586206896551724,0.607142857142857,0.172087012987013
"mediana","gbm",3,4,691,77,0.837037037037037,0.766233766233766,0.62962962962963,0.84,0.68,0.653846153846154,0.158143064626613
"mediana","logistica",3,5,691,77,0.787407407407407,0.714285714285714,0.407407407407407,0.88,0.647058823529412,0.5,0.182237874574168
"mediana","arvore",3,5,691,77,0.655185185185185,0.701298701298701,0.37037037037037,0.88,0.625,0.465116279069767,0.212308041186511
"mediana","rf",3,5,691,77,0.788518518518519,0.701298701298701,0.592592592592593,0.76,0.571428571428571,0.581818181818182,0.177214649350649
"mediana","gbm",3,5,691,77,0.803703703703704,0.714285714285714,0.444444444444444,0.86,0.631578947368421,0.521739130434783,0.178647205988638
"mediana","logistica",3,6,691,77,0.881481481481482,0.87012987012987,0.62962962962963,1,1,0.772727272727273,0.119494339818051
"mediana","arvore",3,6,691,77,0.846296296296296,0.844155844155844,0.703703703703704,0.92,0.826086956521739,0.76,0.128874500498998
"mediana","rf",3,6,691,77,0.907407407407407,0.883116883116883,0.740740740740741,0.96,0.909090909090909,0.816326530612245,0.126406545454545
"mediana","gbm",3,6,691,77,0.922222222222222,0.857142857142857,0.666666666666667,0.96,0.9,0.765957446808511,0.127780273514783
"mediana","logistica",3,7,691,77,0.83037037037037,0.818181818181818,0.62962962962963,0.92,0.80952380952381,0.708333333333333,0.155858071996375
"mediana","arvore",3,7,691,77,0.625185185185185,0.701298701298701,0.37037037037037,0.88,0.625,0.465116279069767,0.211513985746486
"mediana","rf",3,7,691,77,0.82962962962963,0.818181818181818,0.666666666666667,0.9,0.782608695652174,0.72,0.155581558441558
"mediana","gbm",3,7,691,77,0.845925925925926,0.779220779220779,0.555555555555556,0.9,0.75,0.638297872340426,0.154064647083504
"mediana","logistica",3,8,691,77,0.856296296296296,0.766233766233766,0.518518518518518,0.9,0.736842105263158,0.608695652173913,0.146418835126917
"mediana","arvore",3,8,691,77,0.775925925925926,0.792207792207792,0.592592592592593,0.9,0.761904761904762,0.666666666666667,0.161925124182784
"mediana","rf",3,8,691,77,0.815185185185185,0.74025974025974,0.555555555555556,0.84,0.652173913043478,0.6,0.161881298701299
"mediana","gbm",3,8,691,77,0.802222222222222,0.74025974025974,0.518518518518518,0.86,0.666666666666667,0.583333333333333,0.161904188889795
"mediana","logistica",3,9,692,76,0.842307692307692,0.736842105263158,0.576923076923077,0.82,0.625,0.6,0.159726340496244
"mediana","arvore",3,9,692,76,0.682307692307692,0.723684210526316,0.5,0.84,0.619047619047619,0.553191489361702,0.199283087993076
"mediana","rf",3,9,692,76,0.774615384615385,0.697368421052632,0.576923076923077,0.76,0.555555555555556,0.566037735849057,0.185149631578947
"mediana","gbm",3,9,692,76,0.820769230769231,0.697368421052632,0.461538461538462,0.82,0.571428571428571,0.51063829787234,0.169885088071028
"mediana","logistica",3,10,692,76,0.909230769230769,0.802631578947368,0.615384615384615,0.9,0.761904761904762,0.680851063829787,0.12153834451775
"mediana","arvore",3,10,692,76,0.804230769230769,0.828947368421053,0.692307692307692,0.9,0.782608695652174,0.73469387755102,0.144107381033742
"mediana","rf",3,10,692,76,0.887692307692308,0.815789473684211,0.615384615384615,0.92,0.8,0.695652173913043,0.130789
"mediana","gbm",3,10,692,76,0.903461538461538,0.789473684210526,0.538461538461538,0.92,0.777777777777778,0.636363636363636,0.137557407804761
"mediana","logistica",4,1,691,77,0.846666666666667,0.805194805194805,0.740740740740741,0.84,0.714285714285714,0.727272727272727,0.153406814669738
"mediana","arvore",4,1,691,77,0.756296296296296,0.701298701298701,0.703703703703704,0.7,0.558823529411765,0.622950819672131,0.201076489157713
"mediana","rf",4,1,691,77,0.824814814814815,0.727272727272727,0.62962962962963,0.78,0.607142857142857,0.618181818181818,0.166009922077922
"mediana","gbm",4,1,691,77,0.836296296296296,0.779220779220779,0.666666666666667,0.84,0.692307692307692,0.679245283018868,0.158325891608986
"mediana","logistica",4,2,691,77,0.86962962962963,0.792207792207792,0.592592592592593,0.9,0.761904761904762,0.666666666666667,0.140369641548411
"mediana","arvore",4,2,691,77,0.628148148148148,0.727272727272727,0.296296296296296,0.96,0.8,0.432432432432432,0.198011159807679
"mediana","rf",4,2,691,77,0.837037037037037,0.792207792207792,0.555555555555556,0.92,0.789473684210526,0.652173913043478,0.151735324675325
"mediana","gbm",4,2,691,77,0.846666666666667,0.792207792207792,0.555555555555556,0.92,0.789473684210526,0.652173913043478,0.148216498584471
"mediana","logistica",4,3,691,77,0.816296296296296,0.753246753246753,0.518518518518518,0.88,0.7,0.595744680851064,0.166773572096695
"mediana","arvore",4,3,691,77,0.686666666666667,0.753246753246753,0.518518518518518,0.88,0.7,0.595744680851064,0.189453107770959
"mediana","rf",4,3,691,77,0.840740740740741,0.779220779220779,0.592592592592593,0.88,0.727272727272727,0.653061224489796,0.154909766233766
"mediana","gbm",4,3,691,77,0.831851851851852,0.766233766233766,0.518518518518518,0.9,0.736842105263158,0.608695652173913,0.164490143217301
"mediana","logistica",4,4,691,77,0.765925925925926,0.701298701298701,0.407407407407407,0.86,0.611111111111111,0.488888888888889,0.197544134355703
"mediana","arvore",4,4,691,77,0.627407407407408,0.662337662337662,0.407407407407407,0.8,0.523809523809524,0.458333333333333,0.231177461104892
"mediana","rf",4,4,691,77,0.747037037037037,0.662337662337662,0.592592592592593,0.7,0.516129032258065,0.551724137931034,0.199604363636364
"mediana","gbm",4,4,691,77,0.745185185185185,0.623376623376623,0.407407407407407,0.74,0.458333333333333,0.431372549019608,0.19573264516163
"mediana","logistica",4,5,691,77,0.881481481481481,0.792207792207792,0.666666666666667,0.86,0.72,0.692307692307692,0.133018100667902
"mediana","arvore",4,5,691,77,0.914814814814815,0.844155844155844,0.851851851851852,0.84,0.741935483870968,0.793103448275862,0.122625450735103
"mediana","rf",4,5,691,77,0.934814814814815,0.883116883116883,0.814814814814815,0.92,0.846153846153846,0.830188679245283,0.115933298701299
"mediana","gbm",4,5,691,77,0.917037037037037,0.831168831168831,0.703703703703704,0.9,0.791666666666667,0.745098039215686,0.12817420966074
"mediana","logistica",4,6,691,77,0.800740740740741,0.74025974025974,0.444444444444444,0.9,0.705882352941177,0.545454545454546,0.175245392517277
"mediana","arvore",4,6,691,77,0.664444444444444,0.714285714285714,0.407407407407407,0.88,0.647058823529412,0.5,0.206020760664338
"mediana","rf",4,6,691,77,0.784814814814815,0.688311688311688,0.407407407407407,0.84,0.578947368421053,0.478260869565217,0.181676363636364
"mediana","gbm",4,6,691,77,0.805925925925926,0.714285714285714,0.37037037037037,0.9,0.666666666666667,0.476190476190476,0.177492318613437
"mediana","logistica",4,7,691,77,0.837777777777778,0.753246753246753,0.518518518518518,0.88,0.7,0.595744680851064,0.15969319884379
"mediana","arvore",4,7,691,77,0.623333333333333,0.727272727272727,0.407407407407407,0.9,0.6875,0.511627906976744,0.206400533161874
"mediana","rf",4,7,691,77,0.815185185185185,0.753246753246753,0.592592592592593,0.84,0.666666666666667,0.627450980392157,0.163314285714286
"mediana","gbm",4,7,691,77,0.831851851851852,0.74025974025974,0.444444444444444,0.9,0.705882352941177,0.545454545454546,0.163708967552125
"mediana","logistica",4,8,691,77,0.817777777777778,0.727272727272727,0.407407407407407,0.9,0.6875,0.511627906976744,0.167200184886789
"mediana","arvore",4,8,691,77,0.71037037037037,0.753246753246753,0.555555555555556,0.86,0.681818181818182,0.612244897959184,0.185001120435992
"mediana","rf",4,8,691,77,0.815555555555555,0.766233766233766,0.555555555555556,0.88,0.714285714285714,0.625,0.165437246753247
"mediana","gbm",4,8,691,77,0.82962962962963,0.753246753246753,0.444444444444444,0.92,0.75,0.558139534883721,0.163461070311344
"mediana","logistica",4,9,692,76,0.853846153846154,0.802631578947368,0.653846153846154,0.88,0.739130434782609,0.693877551020408,0.140721522436026
"mediana","arvore",4,9,692,76,0.709230769230769,0.75,0.538461538461538,0.86,0.666666666666667,0.595744680851064,0.185677800349268
"mediana","rf",4,9,692,76,0.843846153846154,0.815789473684211,0.730769230769231,0.86,0.730769230769231,0.730769230769231,0.147205947368421
"mediana","gbm",4,9,692,76,0.855384615384615,0.789473684210526,0.576923076923077,0.9,0.75,0.652173913043478,0.146423303981447
"mediana","logistica",4,10,692,76,0.897692307692308,0.815789473684211,0.653846153846154,0.9,0.772727272727273,0.708333333333333,0.129336452192811
"mediana","arvore",4,10,692,76,0.719230769230769,0.75,0.423076923076923,0.92,0.733333333333333,0.536585365853658,0.182975465538114
"mediana","rf",4,10,692,76,0.873076923076923,0.789473684210526,0.615384615384615,0.88,0.727272727272727,0.666666666666667,0.143535736842105
"mediana","gbm",4,10,692,76,0.878461538461539,0.815789473684211,0.615384615384615,0.92,0.8,0.695652173913043,0.141461511740295
"mediana","logistica",5,1,691,77,0.874814814814815,0.74025974025974,0.555555555555556,0.84,0.652173913043478,0.6,0.148327814427819
"mediana","arvore",5,1,691,77,0.61962962962963,0.727272727272727,0.259259259259259,0.98,0.875,0.4,0.197229516579805
"mediana","rf",5,1,691,77,0.858148148148148,0.766233766233766,0.592592592592593,0.86,0.695652173913043,0.64,0.146298441558442
"mediana","gbm",5,1,691,77,0.855555555555556,0.766233766233766,0.481481481481481,0.92,0.764705882352941,0.590909090909091,0.15450472385053
"mediana","logistica",5,2,691,77,0.814074074074074,0.805194805194805,0.592592592592593,0.92,0.8,0.680851063829787,0.162595847748477
"mediana","arvore",5,2,691,77,0.823333333333333,0.805194805194805,0.740740740740741,0.84,0.714285714285714,0.727272727272727,0.154307294559977
"mediana","rf",5,2,691,77,0.808148148148148,0.779220779220779,0.555555555555556,0.9,0.75,0.638297872340426,0.162386441558442
"mediana","gbm",5,2,691,77,0.827407407407407,0.805194805194805,0.555555555555556,0.94,0.833333333333333,0.666666666666667,0.157676637868964
"mediana","logistica",5,3,691,77,0.845925925925926,0.779220779220779,0.555555555555556,0.9,0.75,0.638297872340426,0.153822711573265
"mediana","arvore",5,3,691,77,0.68037037037037,0.74025974025974,0.518518518518518,0.86,0.666666666666667,0.583333333333333,0.19346862983649
"mediana","rf",5,3,691,77,0.837777777777778,0.766233766233766,0.444444444444444,0.94,0.8,0.571428571428571,0.164095428571429
"mediana","gbm",5,3,691,77,0.832592592592593,0.727272727272727,0.444444444444444,0.88,0.666666666666667,0.533333333333333,0.166963062458085
"mediana","logistica",5,4,691,77,0.823703703703704,0.779220779220779,0.592592592592593,0.88,0.727272727272727,0.653061224489796,0.159107840903856
"mediana","arvore",5,4,691,77,0.754444444444444,0.779220779220779,0.62962962962963,0.86,0.708333333333333,0.666666666666667,0.170186145524362
"mediana","rf",5,4,691,77,0.818888888888889,0.714285714285714,0.62962962962963,0.76,0.586206896551724,0.607142857142857,0.167594233766234
"mediana","gbm",5,4,691,77,0.821481481481481,0.74025974025974,0.592592592592593,0.82,0.64,0.615384615384615,0.164693318137867
"mediana","logistica",5,5,691,77,0.756296296296296,0.766233766233766,0.518518518518518,0.9,0.736842105263158,0.608695652173913,0.199855076702447
"mediana","arvore",5,5,691,77,0.675555555555555,0.714285714285714,0.518518518518518,0.82,0.608695652173913,0.56,0.20476296861871
"mediana","rf",5,5,691,77,0.787037037037037,0.753246753246753,0.62962962962963,0.82,0.653846153846154,0.641509433962264,0.184088727272727
"mediana","gbm",5,5,691,77,0.783703703703704,0.701298701298701,0.444444444444444,0.84,0.6,0.51063829787234,0.183608031207166
"mediana","logistica",5,6,691,77,0.901481481481481,0.792207792207792,0.62962962962963,0.88,0.739130434782609,0.68,0.130051739180394
"mediana","arvore",5,6,691,77,0.768888888888889,0.792207792207792,0.62962962962963,0.88,0.739130434782609,0.68,0.163490496648231
"mediana","rf",5,6,691,77,0.894814814814815,0.844155844155844,0.703703703703704,0.92,0.826086956521739,0.76,0.124272779220779
"mediana","gbm",5,6,691,77,0.891111111111111,0.831168831168831,0.62962962962963,0.94,0.85,0.723404255319149,0.131455882477101
"mediana","logistica",5,7,691,77,0.817037037037037,0.727272727272727,0.555555555555556,0.82,0.625,0.588235294117647,0.170063875730706
"mediana","arvore",5,7,691,77,0.761851851851852,0.701298701298701,0.851851851851852,0.62,0.547619047619048,0.666666666666667,0.194396622087268
"mediana","rf",5,7,691,77,0.782592592592593,0.675324675324675,0.666666666666667,0.68,0.529411764705882,0.590163934426229,0.188130961038961
"mediana","gbm",5,7,691,77,0.793333333333333,0.727272727272727,0.62962962962963,0.78,0.607142857142857,0.618181818181818,0.176497114391006
"mediana","logistica",5,8,691,77,0.857777777777778,0.818181818181818,0.62962962962963,0.92,0.80952380952381,0.708333333333333,0.14652047862045
"mediana","arvore",5,8,691,77,0.81,0.714285714285714,0.666666666666667,0.74,0.580645161290323,0.620689655172414,0.181977254337321
"mediana","rf",5,8,691,77,0.833333333333333,0.74025974025974,0.592592592592593,0.82,0.64,0.615384615384615,0.159071688311688
"mediana","gbm",5,8,691,77,0.84,0.753246753246753,0.481481481481481,0.9,0.722222222222222,0.577777777777778,0.161026174297495
"mediana","logistica",5,9,692,76,0.85,0.763157894736842,0.538461538461538,0.88,0.7,0.608695652173913,0.14471861144431
"mediana","arvore",5,9,692,76,0.726923076923077,0.75,0.653846153846154,0.8,0.62962962962963,0.641509433962264,0.179693246827853
"mediana","rf",5,9,692,76,0.876153846153846,0.776315789473684,0.576923076923077,0.88,0.714285714285714,0.638297872340426,0.138717421052632
"mediana","gbm",5,9,692,76,0.864615384615385,0.763157894736842,0.538461538461538,0.88,0.7,0.608695652173913,0.144219939282787
"mediana","logistica",5,10,692,76,0.854615384615385,0.776315789473684,0.576923076923077,0.88,0.714285714285714,0.638297872340426,0.144286634688347
"mediana","arvore",5,10,692,76,0.697692307692308,0.723684210526316,0.615384615384615,0.78,0.592592592592593,0.60377358490566,0.190795083717028
"mediana","rf",5,10,692,76,0.841923076923077,0.776315789473684,0.653846153846154,0.84,0.68,0.666666666666667,0.147393263157895
"mediana","gbm",5,10,692,76,0.878461538461539,0.776315789473684,0.538461538461538,0.9,0.736842105263158,0.622222222222222,0.148287759511489
"mice","logistica",1,1,691,77,0.844444444444444,0.74025974025974,0.518518518518518,0.86,0.666666666666667,0.583333333333333,0.163736678044301
"mice","arvore",1,1,691,77,0.685555555555555,0.727272727272727,0.407407407407407,0.9,0.6875,0.511627906976744,0.199156367248787
"mice","rf",1,1,691,77,0.849259259259259,0.779220779220779,0.62962962962963,0.86,0.708333333333333,0.666666666666667,0.149887844155844
"mice","gbm",1,1,691,77,0.87037037037037,0.766233766233766,0.481481481481481,0.92,0.764705882352941,0.590909090909091,0.150194913082075
"mice","logistica",1,2,691,77,0.9,0.805194805194805,0.592592592592593,0.92,0.8,0.680851063829787,0.12854015906423
"mice","arvore",1,2,691,77,0.891111111111111,0.805194805194805,0.740740740740741,0.84,0.714285714285714,0.727272727272727,0.140346206313102
"mice","rf",1,2,691,77,0.874444444444444,0.792207792207792,0.62962962962963,0.88,0.739130434782609,0.68,0.142683324675325
"mice","gbm",1,2,691,77,0.908888888888889,0.831168831168831,0.62962962962963,0.94,0.85,0.723404255319149,0.130965953877923
"mice","logistica",1,3,691,77,0.78962962962963,0.766233766233766,0.62962962962963,0.84,0.68,0.653846153846154,0.176179839288626
"mice","arvore",1,3,691,77,0.665925925925926,0.727272727272727,0.555555555555556,0.82,0.625,0.588235294117647,0.217081602217849
"mice","rf",1,3,691,77,0.753703703703704,0.714285714285714,0.481481481481481,0.84,0.619047619047619,0.541666666666667,0.193933038961039
"mice","gbm",1,3,691,77,0.776296296296296,0.701298701298701,0.407407407407407,0.86,0.611111111111111,0.488888888888889,0.182712230788927
"mice","logistica",1,4,691,77,0.785185185185185,0.727272727272727,0.518518518518518,0.84,0.636363636363636,0.571428571428571,0.1746896975585
"mice","arvore",1,4,691,77,0.675555555555555,0.675324675324675,0.592592592592593,0.72,0.533333333333333,0.56140350877193,0.213653222000634
"mice","rf",1,4,691,77,0.765555555555556,0.675324675324675,0.518518518518518,0.76,0.538461538461538,0.528301886792453,0.186674077922078
"mice","gbm",1,4,691,77,0.775555555555556,0.727272727272727,0.444444444444444,0.88,0.666666666666667,0.533333333333333,0.178427428780102
"mice","logistica",1,5,691,77,0.82962962962963,0.792207792207792,0.555555555555556,0.92,0.789473684210526,0.652173913043478,0.151125356720939
"mice","arvore",1,5,691,77,0.686296296296296,0.727272727272727,0.518518518518518,0.84,0.636363636363636,0.571428571428571,0.198617536287179
"mice","rf",1,5,691,77,0.841111111111111,0.779220779220779,0.592592592592593,0.88,0.727272727272727,0.653061224489796,0.153040623376623
"mice","gbm",1,5,691,77,0.813333333333333,0.779220779220779,0.592592592592593,0.88,0.727272727272727,0.653061224489796,0.163248988994907
"mice","logistica",1,6,691,77,0.851111111111111,0.792207792207792,0.518518518518518,0.94,0.823529411764706,0.636363636363636,0.14006274485673
"mice","arvore",1,6,691,77,0.742962962962963,0.805194805194805,0.555555555555556,0.94,0.833333333333333,0.666666666666667,0.161941842558089
"mice","rf",1,6,691,77,0.827037037037037,0.805194805194805,0.592592592592593,0.92,0.8,0.680851063829787,0.151747376623377
"mice","gbm",1,6,691,77,0.838518518518518,0.792207792207792,0.518518518518518,0.94,0.823529411764706,0.636363636363636,0.149885406811586
"mice","logistica",1,7,691,77,0.888888888888889,0.792207792207792,0.62962962962963,0.88,0.739130434782609,0.68,0.132464240276593
"mice","arvore",1,7,691,77,0.688148148148148,0.74025974025974,0.481481481481481,0.88,0.684210526315789,0.565217391304348,0.194075738236972
"mice","rf",1,7,691,77,0.865185185185185,0.779220779220779,0.555555555555556,0.9,0.75,0.638297872340426,0.144638909090909
"mice","gbm",1,7,691,77,0.868148148148148,0.74025974025974,0.481481481481481,0.88,0.684210526315789,0.565217391304348,0.146435271814
"mice","logistica",1,8,691,77,0.833333333333333,0.727272727272727,0.444444444444444,0.88,0.666666666666667,0.533333333333333,0.170992666451781
"mice","arvore",1,8,691,77,0.752592592592593,0.727272727272727,0.592592592592593,0.8,0.615384615384615,0.60377358490566,0.200462177800776
"mice","rf",1,8,691,77,0.86037037037037,0.779220779220779,0.62962962962963,0.86,0.708333333333333,0.666666666666667,0.147893506493506
"mice","gbm",1,8,691,77,0.825185185185185,0.727272727272727,0.481481481481481,0.86,0.65,0.553191489361702,0.167855998547823
"mice","logistica",1,9,692,76,0.77,0.684210526315789,0.538461538461538,0.76,0.538461538461538,0.538461538461538,0.191187674663462
"mice","arvore",1,9,692,76,0.701538461538461,0.710526315789474,0.730769230769231,0.7,0.558823529411765,0.633333333333333,0.205308716842521
"mice","rf",1,9,692,76,0.811923076923077,0.736842105263158,0.653846153846154,0.78,0.607142857142857,0.62962962962963,0.166730157894737
"mice","gbm",1,9,692,76,0.802307692307692,0.684210526315789,0.5,0.78,0.541666666666667,0.52,0.166189829891876
"mice","logistica",1,10,692,76,0.829230769230769,0.789473684210526,0.615384615384615,0.88,0.727272727272727,0.666666666666667,0.157451111618438
"mice","arvore",1,10,692,76,0.742307692307692,0.736842105263158,0.538461538461538,0.84,0.636363636363636,0.583333333333333,0.186849810644919
"mice","rf",1,10,692,76,0.783846153846154,0.723684210526316,0.576923076923077,0.8,0.6,0.588235294117647,0.177557368421053
"mice","gbm",1,10,692,76,0.808461538461538,0.763157894736842,0.576923076923077,0.86,0.681818181818182,0.625,0.168485765628581
"mice","logistica",2,1,691,77,0.822962962962963,0.727272727272727,0.592592592592593,0.8,0.615384615384615,0.60377358490566,0.168633006889168
"mice","arvore",2,1,691,77,0.739259259259259,0.727272727272727,0.592592592592593,0.8,0.615384615384615,0.60377358490566,0.192437402706338
"mice","rf",2,1,691,77,0.861851851851852,0.753246753246753,0.666666666666667,0.8,0.642857142857143,0.654545454545455,0.148824519480519
"mice","gbm",2,1,691,77,0.845185185185185,0.727272727272727,0.666666666666667,0.76,0.6,0.631578947368421,0.160278144789469
"mice","logistica",2,2,691,77,0.824444444444444,0.753246753246753,0.444444444444444,0.92,0.75,0.558139534883721,0.162073532600028
"mice","arvore",2,2,691,77,0.714444444444444,0.779220779220779,0.481481481481481,0.94,0.8125,0.604651162790698,0.175102264378234
"mice","rf",2,2,691,77,0.83,0.753246753246753,0.555555555555556,0.86,0.681818181818182,0.612244897959184,0.157168987012987
"mice","gbm",2,2,691,77,0.842962962962963,0.727272727272727,0.37037037037037,0.92,0.714285714285714,0.48780487804878,0.161824544813609
"mice","logistica",2,3,691,77,0.814814814814815,0.74025974025974,0.444444444444444,0.9,0.705882352941177,0.545454545454546,0.158515944485771
"mice","arvore",2,3,691,77,0.62962962962963,0.675324675324675,0.407407407407407,0.82,0.55,0.468085106382979,0.22664008789261
"mice","rf",2,3,691,77,0.788518518518519,0.714285714285714,0.518518518518518,0.82,0.608695652173913,0.56,0.172746545454545
"mice","gbm",2,3,691,77,0.782962962962963,0.714285714285714,0.444444444444444,0.86,0.631578947368421,0.521739130434783,0.176251556554835
"mice","logistica",2,4,691,77,0.938518518518519,0.844155844155844,0.703703703703704,0.92,0.826086956521739,0.76,0.102006300051023
"mice","arvore",2,4,691,77,0.840740740740741,0.792207792207792,0.888888888888889,0.74,0.648648648648649,0.75,0.146061423235459
"mice","rf",2,4,691,77,0.919259259259259,0.857142857142857,0.814814814814815,0.88,0.785714285714286,0.8,0.116535896103896
"mice","gbm",2,4,691,77,0.934814814814815,0.883116883116883,0.777777777777778,0.94,0.875,0.823529411764706,0.119612985836537
"mice","logistica",2,5,691,77,0.871851851851852,0.818181818181818,0.555555555555556,0.96,0.882352941176471,0.681818181818182,0.144435991455819
"mice","arvore",2,5,691,77,0.711111111111111,0.766233766233766,0.444444444444444,0.94,0.8,0.571428571428571,0.180057035012556
"mice","rf",2,5,691,77,0.86,0.779220779220779,0.518518518518518,0.92,0.777777777777778,0.622222222222222,0.142639584415584
"mice","gbm",2,5,691,77,0.873333333333333,0.779220779220779,0.481481481481481,0.94,0.8125,0.604651162790698,0.151327102652572
"mice","logistica",2,6,691,77,0.802222222222222,0.74025974025974,0.481481481481481,0.88,0.684210526315789,0.565217391304348,0.178813314035263
"mice","arvore",2,6,691,77,0.633703703703704,0.701298701298701,0.407407407407407,0.86,0.611111111111111,0.488888888888889,0.211282530152694
"mice","rf",2,6,691,77,0.840740740740741,0.74025974025974,0.518518518518518,0.86,0.666666666666667,0.583333333333333,0.160036467532468
"mice","gbm",2,6,691,77,0.84,0.753246753246753,0.518518518518518,0.88,0.7,0.595744680851064,0.163639664973948
"mice","logistica",2,7,691,77,0.896296296296296,0.844155844155844,0.703703703703704,0.92,0.826086956521739,0.76,0.124662817441406
"mice","arvore",2,7,691,77,0.779259259259259,0.818181818181818,0.62962962962963,0.92,0.80952380952381,0.708333333333333,0.155599596272759
"mice","rf",2,7,691,77,0.894074074074074,0.818181818181818,0.740740740740741,0.86,0.740740740740741,0.740740740740741,0.129985246753247
"mice","gbm",2,7,691,77,0.887407407407407,0.831168831168831,0.666666666666667,0.92,0.818181818181818,0.73469387755102,0.13298283965601
"mice","logistica",2,8,691,77,0.77037037037037,0.701298701298701,0.518518518518518,0.8,0.583333333333333,0.549019607843137,0.194567639537282
"mice","arvore",2,8,691,77,0.681851851851852,0.662337662337662,0.555555555555556,0.72,0.517241379310345,0.535714285714286,0.230624890194685
"mice","rf",2,8,691,77,0.715925925925926,0.61038961038961,0.407407407407407,0.72,0.44,0.423076923076923,0.215541922077922
"mice","gbm",2,8,691,77,0.742962962962963,0.675324675324675,0.37037037037037,0.84,0.555555555555556,0.444444444444444,0.194512141596341
"mice","logistica",2,9,692,76,0.79,0.723684210526316,0.538461538461538,0.82,0.608695652173913,0.571428571428572,0.179449113910067
"mice","arvore",2,9,692,76,0.77,0.736842105263158,0.653846153846154,0.78,0.607142857142857,0.62962962962963,0.201673375245699
"mice","rf",2,9,692,76,0.794615384615385,0.723684210526316,0.538461538461538,0.82,0.608695652173913,0.571428571428572,0.177044052631579
"mice","gbm",2,9,692,76,0.813846153846154,0.75,0.538461538461538,0.86,0.666666666666667,0.595744680851064,0.166908157651837
"mice","logistica",2,10,692,76,0.832307692307692,0.776315789473684,0.653846153846154,0.84,0.68,0.666666666666667,0.156512151623208
"mice","arvore",2,10,692,76,0.798461538461538,0.75,0.576923076923077,0.84,0.652173913043478,0.612244897959184,0.180248052282852
"mice","rf",2,10,692,76,0.802307692307692,0.736842105263158,0.538461538461538,0.84,0.636363636363636,0.583333333333333,0.169648789473684
"mice","gbm",2,10,692,76,0.835384615384615,0.763157894736842,0.615384615384615,0.84,0.666666666666667,0.64,0.157105571393998
"mice","logistica",3,1,691,77,0.812592592592593,0.74025974025974,0.555555555555556,0.84,0.652173913043478,0.6,0.173574232194422
"mice","arvore",3,1,691,77,0.745185185185185,0.792207792207792,0.555555555555556,0.92,0.789473684210526,0.652173913043478,0.166516226785294
"mice","rf",3,1,691,77,0.855555555555556,0.805194805194805,0.62962962962963,0.9,0.772727272727273,0.693877551020408,0.146094285714286
"mice","gbm",3,1,691,77,0.856296296296296,0.753246753246753,0.481481481481481,0.9,0.722222222222222,0.577777777777778,0.151920478178133
"mice","logistica",3,2,691,77,0.76962962962963,0.727272727272727,0.555555555555556,0.82,0.625,0.588235294117647,0.185277913518999
"mice","arvore",3,2,691,77,0.734444444444444,0.714285714285714,0.555555555555556,0.8,0.6,0.576923076923077,0.207908715424784
"mice","rf",3,2,691,77,0.730740740740741,0.675324675324675,0.518518518518518,0.76,0.538461538461538,0.528301886792453,0.19396587012987
"mice","gbm",3,2,691,77,0.745185185185185,0.662337662337662,0.518518518518518,0.74,0.518518518518518,0.518518518518518,0.191582707609266
"mice","logistica",3,3,691,77,0.848148148148148,0.779220779220779,0.555555555555556,0.9,0.75,0.638297872340426,0.149263769935659
"mice","arvore",3,3,691,77,0.72,0.753246753246753,0.481481481481481,0.9,0.722222222222222,0.577777777777778,0.183368437922286
"mice","rf",3,3,691,77,0.875555555555556,0.805194805194805,0.62962962962963,0.9,0.772727272727273,0.693877551020408,0.140233922077922
"mice","gbm",3,3,691,77,0.873333333333333,0.779220779220779,0.481481481481481,0.94,0.8125,0.604651162790698,0.147529224602728
"mice","logistica",3,4,691,77,0.799259259259259,0.701298701298701,0.555555555555556,0.78,0.576923076923077,0.566037735849057,0.177700752627352
"mice","arvore",3,4,691,77,0.75037037037037,0.727272727272727,0.555555555555556,0.82,0.625,0.588235294117647,0.191344542234129
"mice","rf",3,4,691,77,0.795185185185185,0.701298701298701,0.555555555555556,0.78,0.576923076923077,0.566037735849057,0.175226025974026
"mice","gbm",3,4,691,77,0.835555555555555,0.779220779220779,0.666666666666667,0.84,0.692307692307692,0.679245283018868,0.159665814988807
"mice","logistica",3,5,691,77,0.776296296296296,0.727272727272727,0.444444444444444,0.88,0.666666666666667,0.533333333333333,0.189996209974663
"mice","arvore",3,5,691,77,0.655185185185185,0.701298701298701,0.37037037037037,0.88,0.625,0.465116279069767,0.212813060419451
"mice","rf",3,5,691,77,0.767037037037037,0.701298701298701,0.555555555555556,0.78,0.576923076923077,0.566037735849057,0.187875012987013
"mice","gbm",3,5,691,77,0.795555555555556,0.727272727272727,0.444444444444444,0.88,0.666666666666667,0.533333333333333,0.180451966815178
"mice","logistica",3,6,691,77,0.880740740740741,0.857142857142857,0.592592592592593,1,1,0.744186046511628,0.12163082154777
"mice","arvore",3,6,691,77,0.845925925925926,0.831168831168831,0.666666666666667,0.92,0.818181818181818,0.73469387755102,0.134074114172005
"mice","rf",3,6,691,77,0.915925925925926,0.87012987012987,0.703703703703704,0.96,0.904761904761905,0.791666666666667,0.120422337662338
"mice","gbm",3,6,691,77,0.915555555555556,0.87012987012987,0.666666666666667,0.98,0.947368421052632,0.782608695652174,0.127944635091939
"mice","logistica",3,7,691,77,0.827407407407407,0.818181818181818,0.62962962962963,0.92,0.80952380952381,0.708333333333333,0.157649236869226
"mice","arvore",3,7,691,77,0.625185185185185,0.701298701298701,0.37037037037037,0.88,0.625,0.465116279069767,0.211686160279479
"mice","rf",3,7,691,77,0.834814814814815,0.792207792207792,0.555555555555556,0.92,0.789473684210526,0.652173913043478,0.158226753246753
"mice","gbm",3,7,691,77,0.841481481481481,0.766233766233766,0.518518518518518,0.9,0.736842105263158,0.608695652173913,0.160000479739317
"mice","logistica",3,8,691,77,0.856296296296296,0.766233766233766,0.518518518518518,0.9,0.736842105263158,0.608695652173913,0.146780004346428
"mice","arvore",3,8,691,77,0.793333333333333,0.753246753246753,0.703703703703704,0.78,0.633333333333333,0.666666666666667,0.170447909635497
"mice","rf",3,8,691,77,0.814074074074074,0.753246753246753,0.666666666666667,0.8,0.642857142857143,0.654545454545455,0.163325662337662
"mice","gbm",3,8,691,77,0.805925925925926,0.766233766233766,0.592592592592593,0.86,0.695652173913043,0.64,0.162296131181727
"mice","logistica",3,9,692,76,0.846153846153846,0.75,0.615384615384615,0.82,0.64,0.627450980392157,0.156448336060382
"mice","arvore",3,9,692,76,0.800384615384615,0.763157894736842,0.769230769230769,0.76,0.625,0.689655172413793,0.167682653003122
"mice","rf",3,9,692,76,0.787307692307692,0.723684210526316,0.615384615384615,0.78,0.592592592592593,0.60377358490566,0.177051473684211
"mice","gbm",3,9,692,76,0.821538461538462,0.710526315789474,0.5,0.82,0.590909090909091,0.541666666666667,0.167938465964135
"mice","logistica",3,10,692,76,0.898461538461538,0.802631578947368,0.615384615384615,0.9,0.761904761904762,0.680851063829787,0.126042478546431
"mice","arvore",3,10,692,76,0.804230769230769,0.828947368421053,0.692307692307692,0.9,0.782608695652174,0.73469387755102,0.143721234407388
"mice","rf",3,10,692,76,0.889230769230769,0.802631578947368,0.615384615384615,0.9,0.761904761904762,0.680851063829787,0.132056894736842
"mice","gbm",3,10,692,76,0.910769230769231,0.802631578947368,0.538461538461538,0.94,0.823529411764706,0.651162790697674,0.132922237955334
"mice","logistica",4,1,691,77,0.847407407407407,0.805194805194805,0.740740740740741,0.84,0.714285714285714,0.727272727272727,0.150810207669985
"mice","arvore",4,1,691,77,0.738148148148148,0.701298701298701,0.703703703703704,0.7,0.558823529411765,0.622950819672131,0.200408577863174
"mice","rf",4,1,691,77,0.833703703703704,0.753246753246753,0.62962962962963,0.82,0.653846153846154,0.641509433962264,0.159047584415584
"mice","gbm",4,1,691,77,0.843703703703704,0.779220779220779,0.666666666666667,0.84,0.692307692307692,0.679245283018868,0.154418637036663
"mice","logistica",4,2,691,77,0.865185185185185,0.779220779220779,0.555555555555556,0.9,0.75,0.638297872340426,0.142673698567615
"mice","arvore",4,2,691,77,0.628148148148148,0.727272727272727,0.296296296296296,0.96,0.8,0.432432432432432,0.198011159807679
"mice","rf",4,2,691,77,0.821111111111111,0.805194805194805,0.62962962962963,0.9,0.772727272727273,0.693877551020408,0.158491584415584
"mice","gbm",4,2,691,77,0.854074074074074,0.779220779220779,0.555555555555556,0.9,0.75,0.638297872340426,0.14975604712729
"mice","logistica",4,3,691,77,0.817037037037037,0.753246753246753,0.518518518518518,0.88,0.7,0.595744680851064,0.167203168903981
"mice","arvore",4,3,691,77,0.686666666666667,0.753246753246753,0.518518518518518,0.88,0.7,0.595744680851064,0.189598771503574
"mice","rf",4,3,691,77,0.845555555555556,0.779220779220779,0.555555555555556,0.9,0.75,0.638297872340426,0.155149766233766
"mice","gbm",4,3,691,77,0.84,0.753246753246753,0.481481481481481,0.9,0.722222222222222,0.577777777777778,0.16511188103537
"mice","logistica",4,4,691,77,0.766666666666667,0.701298701298701,0.444444444444444,0.84,0.6,0.51063829787234,0.198474616537807
"mice","arvore",4,4,691,77,0.627407407407408,0.662337662337662,0.407407407407407,0.8,0.523809523809524,0.458333333333333,0.231504474009342
"mice","rf",4,4,691,77,0.742962962962963,0.662337662337662,0.555555555555556,0.72,0.517241379310345,0.535714285714286,0.19755974025974
"mice","gbm",4,4,691,77,0.743703703703704,0.623376623376623,0.407407407407407,0.74,0.458333333333333,0.431372549019608,0.196466790583103
"mice","logistica",4,5,691,77,0.88,0.805194805194805,0.703703703703704,0.86,0.730769230769231,0.716981132075472,0.133310717486005
"mice","arvore",4,5,691,77,0.82962962962963,0.857142857142857,0.777777777777778,0.9,0.807692307692308,0.792452830188679,0.128504814531144
"mice","rf",4,5,691,77,0.904814814814815,0.844155844155844,0.777777777777778,0.88,0.777777777777778,0.777777777777778,0.129770441558442
"mice","gbm",4,5,691,77,0.919259259259259,0.831168831168831,0.703703703703704,0.9,0.791666666666667,0.745098039215686,0.130804215021257
"mice","logistica",4,6,691,77,0.804444444444444,0.74025974025974,0.444444444444444,0.9,0.705882352941177,0.545454545454546,0.174179380494581
"mice","arvore",4,6,691,77,0.791111111111111,0.753246753246753,0.666666666666667,0.8,0.642857142857143,0.654545454545455,0.172505588466911
"mice","rf",4,6,691,77,0.810740740740741,0.753246753246753,0.555555555555556,0.86,0.681818181818182,0.612244897959184,0.172946649350649
"mice","gbm",4,6,691,77,0.82,0.727272727272727,0.407407407407407,0.9,0.6875,0.511627906976744,0.171544874036687
"mice","logistica",4,7,691,77,0.834074074074074,0.753246753246753,0.518518518518518,0.88,0.7,0.595744680851064,0.162557446694719
"mice","arvore",4,7,691,77,0.723333333333333,0.766233766233766,0.518518518518518,0.9,0.736842105263158,0.608695652173913,0.178196851159473
"mice","rf",4,7,691,77,0.794444444444444,0.727272727272727,0.518518518518518,0.84,0.636363636363636,0.571428571428571,0.171565142857143
"mice","gbm",4,7,691,77,0.825925925925926,0.727272727272727,0.407407407407407,0.9,0.6875,0.511627906976744,0.16465317792715
"mice","logistica",4,8,691,77,0.821481481481481,0.727272727272727,0.407407407407407,0.9,0.6875,0.511627906976744,0.16801763853506
"mice","arvore",4,8,691,77,0.768148148148148,0.727272727272727,0.592592592592593,0.8,0.615384615384615,0.60377358490566,0.187629013506941
"mice","rf",4,8,691,77,0.820740740740741,0.714285714285714,0.518518518518518,0.82,0.608695652173913,0.56,0.164794961038961
"mice","gbm",4,8,691,77,0.82962962962963,0.74025974025974,0.407407407407407,0.92,0.733333333333333,0.523809523809524,0.164795103363444
"mice","logistica",4,9,692,76,0.846923076923077,0.789473684210526,0.615384615384615,0.88,0.727272727272727,0.666666666666667,0.142503054809026
"mice","arvore",4,9,692,76,0.709230769230769,0.75,0.538461538461538,0.86,0.666666666666667,0.595744680851064,0.185726399331086
"mice","rf",4,9,692,76,0.863076923076923,0.802631578947368,0.730769230769231,0.84,0.703703703703704,0.716981132075472,0.141839421052632
"mice","gbm",4,9,692,76,0.861538461538462,0.789473684210526,0.576923076923077,0.9,0.75,0.652173913043478,0.146088296515114
"mice","logistica",4,10,692,76,0.913846153846154,0.828947368421053,0.692307692307692,0.9,0.782608695652174,0.73469387755102,0.122193327835477
"mice","arvore",4,10,692,76,0.719230769230769,0.75,0.423076923076923,0.92,0.733333333333333,0.536585365853658,0.182967091569027
"mice","rf",4,10,692,76,0.876923076923077,0.802631578947368,0.615384615384615,0.9,0.761904761904762,0.680851063829787,0.142806526315789
"mice","gbm",4,10,692,76,0.878461538461539,0.828947368421053,0.653846153846154,0.92,0.80952380952381,0.723404255319149,0.144159125496385
"mice","logistica",5,1,691,77,0.87037037037037,0.727272727272727,0.518518518518518,0.84,0.636363636363636,0.571428571428571,0.150964720115462
"mice","arvore",5,1,691,77,0.61962962962963,0.727272727272727,0.259259259259259,0.98,0.875,0.4,0.197272158903018
"mice","rf",5,1,691,77,0.84,0.766233766233766,0.555555555555556,0.88,0.714285714285714,0.625,0.153648779220779
"mice","gbm",5,1,691,77,0.864444444444444,0.766233766233766,0.481481481481481,0.92,0.764705882352941,0.590909090909091,0.152975590474659
"mice","logistica",5,2,691,77,0.82,0.805194805194805,0.592592592592593,0.92,0.8,0.680851063829787,0.160182002436606
"mice","arvore",5,2,691,77,0.807777777777778,0.818181818181818,0.703703703703704,0.88,0.76,0.730769230769231,0.155054707741142
"mice","rf",5,2,691,77,0.799259259259259,0.766233766233766,0.518518518518518,0.9,0.736842105263158,0.608695652173913,0.165270233766234
"mice","gbm",5,2,691,77,0.831851851851852,0.805194805194805,0.555555555555556,0.94,0.833333333333333,0.666666666666667,0.157108722547791
"mice","logistica",5,3,691,77,0.836296296296296,0.753246753246753,0.555555555555556,0.86,0.681818181818182,0.612244897959184,0.157600998688844
"mice","arvore",5,3,691,77,0.672962962962963,0.727272727272727,0.481481481481481,0.86,0.65,0.553191489361702,0.201386457210034
"mice","rf",5,3,691,77,0.842222222222222,0.753246753246753,0.481481481481481,0.9,0.722222222222222,0.577777777777778,0.157520883116883
"mice","gbm",5,3,691,77,0.841481481481481,0.727272727272727,0.444444444444444,0.88,0.666666666666667,0.533333333333333,0.162627900189927
"mice","logistica",5,4,691,77,0.825925925925926,0.779220779220779,0.62962962962963,0.86,0.708333333333333,0.666666666666667,0.157513632693909
"mice","arvore",5,4,691,77,0.723333333333333,0.714285714285714,0.555555555555556,0.8,0.6,0.576923076923077,0.192953141781815
"mice","rf",5,4,691,77,0.814074074074074,0.701298701298701,0.703703703703704,0.7,0.558823529411765,0.622950819672131,0.167622701298701
"mice","gbm",5,4,691,77,0.822962962962963,0.74025974025974,0.592592592592593,0.82,0.64,0.615384615384615,0.161997271082479
"mice","logistica",5,5,691,77,0.759259259259259,0.766233766233766,0.518518518518518,0.9,0.736842105263158,0.608695652173913,0.199041847484321
"mice","arvore",5,5,691,77,0.776666666666667,0.753246753246753,0.740740740740741,0.76,0.625,0.677966101694915,0.177043469405376
"mice","rf",5,5,691,77,0.778888888888889,0.727272727272727,0.518518518518518,0.84,0.636363636363636,0.571428571428571,0.187247844155844
"mice","gbm",5,5,691,77,0.785185185185185,0.74025974025974,0.518518518518518,0.86,0.666666666666667,0.583333333333333,0.179046077695334
"mice","logistica",5,6,691,77,0.902222222222222,0.792207792207792,0.62962962962963,0.88,0.739130434782609,0.68,0.128825016776738
"mice","arvore",5,6,691,77,0.782222222222222,0.805194805194805,0.592592592592593,0.92,0.8,0.680851063829787,0.155671384547518
"mice","rf",5,6,691,77,0.895925925925926,0.844155844155844,0.703703703703704,0.92,0.826086956521739,0.76,0.123381558441558
"mice","gbm",5,6,691,77,0.880740740740741,0.831168831168831,0.62962962962963,0.94,0.85,0.723404255319149,0.131060027832388
"mice","logistica",5,7,691,77,0.822222222222222,0.727272727272727,0.592592592592593,0.8,0.615384615384615,0.60377358490566,0.167945326546486
"mice","arvore",5,7,691,77,0.735555555555556,0.74025974025974,0.666666666666667,0.78,0.620689655172414,0.642857142857143,0.188379778198548
"mice","rf",5,7,691,77,0.776296296296296,0.662337662337662,0.62962962962963,0.68,0.515151515151515,0.566666666666667,0.187980675324675
"mice","gbm",5,7,691,77,0.774814814814815,0.74025974025974,0.62962962962963,0.8,0.62962962962963,0.62962962962963,0.182348792440352
"mice","logistica",5,8,691,77,0.858518518518518,0.818181818181818,0.62962962962963,0.92,0.80952380952381,0.708333333333333,0.146445341860344
"mice","arvore",5,8,691,77,0.718888888888889,0.701298701298701,0.444444444444444,0.84,0.6,0.51063829787234,0.206856094368329
"mice","rf",5,8,691,77,0.829259259259259,0.727272727272727,0.518518518518518,0.84,0.636363636363636,0.571428571428571,0.162216935064935
"mice","gbm",5,8,691,77,0.834814814814815,0.74025974025974,0.444444444444444,0.9,0.705882352941177,0.545454545454546,0.161774567308279
"mice","logistica",5,9,692,76,0.857692307692308,0.789473684210526,0.576923076923077,0.9,0.75,0.652173913043478,0.141071481329239
"mice","arvore",5,9,692,76,0.763076923076923,0.815789473684211,0.653846153846154,0.9,0.772727272727273,0.708333333333333,0.152340363993227
"mice","rf",5,9,692,76,0.884615384615385,0.763157894736842,0.576923076923077,0.86,0.681818181818182,0.625,0.135509631578947
"mice","gbm",5,9,692,76,0.868461538461539,0.789473684210526,0.576923076923077,0.9,0.75,0.652173913043478,0.146895751761685
"mice","logistica",5,10,692,76,0.853846153846154,0.776315789473684,0.615384615384615,0.86,0.695652173913043,0.653061224489796,0.1435377637562
"mice","arvore",5,10,692,76,0.716923076923077,0.736842105263158,0.653846153846154,0.78,0.607142857142857,0.62962962962963,0.184147036656115
"mice","rf",5,10,692,76,0.853076923076923,0.789473684210526,0.653846153846154,0.86,0.708333333333333,0.68,0.144726210526316
"mice","gbm",5,10,692,76,0.878461538461539,0.763157894736842,0.576923076923077,0.86,0.681818181818182,0.625,0.140346000942418
